,mean_fit_time,std_fit_time,mean_score_time,std_score_time,param_initializer,param_ms_lower,param_p_xo,param_tournament_size,params,split0_test_score,split1_test_score,split2_test_score,split3_test_score,split4_test_score,mean_test_score,std_test_score,rank_test_score,outer_fold
0,1.0519220352172851,0.06386387348794094,0.0018097400665283204,0.0007392888683035655,grow,1,0.7,14,"{'initializer': 'grow', 'ms_lower': 1, 'p_xo': 0.7, 'tournament_size': 14}",-12.36601734161377,-11.971445083618164,-12.82281494140625,-14.35545539855957,-11.31757926940918,-12.566662406921386,1.0217774000697797,7,1
1,0.9213840961456299,0.10822835733074451,0.006766510009765625,0.0030094026106122305,grow,1,0.7,6,"{'initializer': 'grow', 'ms_lower': 1, 'p_xo': 0.7, 'tournament_size': 6}",-13.94742202758789,-14.038885116577148,-14.240948677062988,-16.07377052307129,-12.990330696105957,-14.258271408081054,1.0048650103249677,10,1
2,1.0644803524017334,0.052277226171037965,0.08117442131042481,0.0245335419399005,grow,1,0.9,14,"{'initializer': 'grow', 'ms_lower': 1, 'p_xo': 0.9, 'tournament_size': 14}",-14.69114875793457,-15.376688003540039,-14.944940567016602,-16.43787956237793,-13.396834373474121,-14.969498252868652,0.9872487388682479,13,1
3,0.9382038593292237,0.11626876896594382,0.100885009765625,0.1625616375930825,grow,1,0.9,6,"{'initializer': 'grow', 'ms_lower': 1, 'p_xo': 0.9, 'tournament_size': 6}",-16.341089248657227,-16.9827880859375,-16.606781005859375,-18.657424926757812,-15.7908353805542,-16.875783729553223,0.9717066286809894,16,1
4,1.0852741241455077,0.14992660803829955,0.004453516006469727,0.003041541155111689,grow,2,0.7,14,"{'initializer': 'grow', 'ms_lower': 2, 'p_xo': 0.7, 'tournament_size': 14}",-11.514610290527344,-9.880780220031738,-11.299826622009277,-11.938526153564453,-8.949790954589844,-10.716706848144531,1.1216314984538744,2,1
5,0.950629711151123,0.12249871535431343,0.015046501159667968,0.005651143399020959,grow,2,0.7,6,"{'initializer': 'grow', 'ms_lower': 2, 'p_xo': 0.7, 'tournament_size': 6}",-11.40529727935791,-10.732522964477539,-11.525832176208496,-12.659219741821289,-9.272295951843262,-11.1190336227417,1.1117046136159183,3,1
6,0.905468225479126,0.05445593378857208,0.024959325790405273,0.020600472015984327,grow,2,0.9,14,"{'initializer': 'grow', 'ms_lower': 2, 'p_xo': 0.9, 'tournament_size': 14}",-12.201199531555176,-12.344571113586426,-12.270041465759277,-13.742362022399902,-10.410880088806152,-12.193810844421387,1.0588151103212682,6,1
7,0.7227444648742676,0.043140366734057765,0.2349095344543457,0.059908807950751514,grow,2,0.9,6,"{'initializer': 'grow', 'ms_lower': 2, 'p_xo': 0.9, 'tournament_size': 6}",-15.251931190490723,-14.678743362426758,-14.768383979797363,-16.324010848999023,-13.273324966430664,-14.859278869628906,0.9854664225528577,12,1
8,1.1307986736297608,0.11046992625746568,0.002738809585571289,0.0017396733119597835,rhh,1,0.7,14,"{'initializer': 'rhh', 'ms_lower': 1, 'p_xo': 0.7, 'tournament_size': 14}",-12.696052551269531,-11.951011657714844,-12.783717155456543,-14.398049354553223,-11.131080627441406,-12.59198226928711,1.0820857765163292,8,1
9,1.022169589996338,0.03827510808303444,0.0038167953491210936,0.0011621940954221303,rhh,1,0.7,6,"{'initializer': 'rhh', 'ms_lower': 1, 'p_xo': 0.7, 'tournament_size': 6}",-13.653583526611328,-13.513550758361816,-13.917886734008789,-15.71364974975586,-12.601724624633789,-13.880079078674317,1.0181595336206388,9,1
10,1.1027348518371582,0.03522307272278456,0.1098525047302246,0.05924177856724837,rhh,1,0.9,14,"{'initializer': 'rhh', 'ms_lower': 1, 'p_xo': 0.9, 'tournament_size': 14}",-14.252090454101562,-13.856857299804688,-14.651756286621094,-16.801116943359375,-13.393956184387207,-14.591155433654786,1.1811051765137641,11,1
11,0.9377829074859619,0.10163295382718078,0.27602496147155764,0.18672144913785987,rhh,1,0.9,6,"{'initializer': 'rhh', 'ms_lower': 1, 'p_xo': 0.9, 'tournament_size': 6}",-15.61347484588623,-16.168424606323242,-16.36490821838379,-18.146385192871094,-15.100628852844238,-16.27876434326172,1.0332682722085016,15,1
12,1.167421817779541,0.0951410562483166,0.0010057449340820312,0.00110774945923756,rhh,2,0.7,14,"{'initializer': 'rhh', 'ms_lower': 2, 'p_xo': 0.7, 'tournament_size': 14}",-11.603704452514648,-8.050670623779297,-11.128914833068848,-11.5469388961792,-8.322200775146484,-10.130485916137696,1.598067520739651,1,1
13,0.9385218620300293,0.06962065284477212,0.012448310852050781,0.0035926310938825287,rhh,2,0.7,6,"{'initializer': 'rhh', 'ms_lower': 2, 'p_xo': 0.7, 'tournament_size': 6}",-11.966647148132324,-10.334610939025879,-11.899991035461426,-13.202957153320312,-9.855096817016602,-11.451860618591308,1.210790369962477,5,1
14,1.0219844818115233,0.07146065136539849,0.04233460426330567,0.029590042823295918,rhh,2,0.9,14,"{'initializer': 'rhh', 'ms_lower': 2, 'p_xo': 0.9, 'tournament_size': 14}",-12.064467430114746,-9.32812786102295,-11.930107116699219,-13.372801780700684,-9.396289825439453,-11.21835880279541,1.597311390311323,4,1
15,0.8851435661315918,0.07828040167154722,0.2040492534637451,0.09142718984678896,rhh,2,0.9,6,"{'initializer': 'rhh', 'ms_lower': 2, 'p_xo': 0.9, 'tournament_size': 6}",-14.09200668334961,-15.443117141723633,-14.450566291809082,-17.048828125,-13.995471954345703,-15.005998039245606,1.1427401683664242,14,1
0,0.99190673828125,0.07825214157742881,0.0036959171295166014,0.00152517313877486,grow,1,0.7,14,"{'initializer': 'grow', 'ms_lower': 1, 'p_xo': 0.7, 'tournament_size': 14}",-15.9345121383667,-13.433034896850586,-10.116052627563477,-15.64503288269043,-10.868529319763184,-13.199432373046875,2.3856459508159515,6,2
1,0.8966897964477539,0.08028047219812447,0.010618162155151368,0.002479877741374931,grow,1,0.7,6,"{'initializer': 'grow', 'ms_lower': 1, 'p_xo': 0.7, 'tournament_size': 6}",-17.154531478881836,-14.897110939025879,-11.91563606262207,-17.307039260864258,-12.845337867736816,-14.823931121826172,2.189789522151819,10,2
2,1.022483491897583,0.08897671558690405,0.10643529891967773,0.02247372691921878,grow,1,0.9,14,"{'initializer': 'grow', 'ms_lower': 1, 'p_xo': 0.9, 'tournament_size': 14}",-17.723573684692383,-15.269572257995605,-12.784492492675781,-18.085182189941406,-13.780023574829102,-15.528568840026855,2.0980354078569508,14,2
3,1.0123471736907959,0.21172324379593163,0.10230321884155273,0.16141247222929506,grow,1,0.9,6,"{'initializer': 'grow', 'ms_lower': 1, 'p_xo': 0.9, 'tournament_size': 6}",-18.97538185119629,-17.38458824157715,-14.65622615814209,-19.77747917175293,-15.726759910583496,-17.30408706665039,1.919192723499699,16,2
4,1.5699616432189942,0.04339775003935618,0.005043935775756836,0.005570078207374893,grow,2,0.7,14,"{'initializer': 'grow', 'ms_lower': 2, 'p_xo': 0.7, 'tournament_size': 14}",-15.210933685302734,-12.038080215454102,-8.138367652893066,-13.469953536987305,-8.303394317626953,-11.432145881652833,2.8084556286926956,2,2
5,1.3347887992858887,0.12969934832921284,0.014369630813598632,0.007237336585290972,grow,2,0.7,6,"{'initializer': 'grow', 'ms_lower': 2, 'p_xo': 0.7, 'tournament_size': 6}",-15.018397331237793,-12.921554565429688,-8.524479866027832,-14.076067924499512,-8.92180347442627,-11.89246063232422,2.6745748734003696,3,2
6,1.4544055461883545,0.10888686799507116,0.023477649688720702,0.00909679956219279,grow,2,0.9,14,"{'initializer': 'grow', 'ms_lower': 2, 'p_xo': 0.9, 'tournament_size': 14}",-15.772650718688965,-13.971640586853027,-10.372299194335938,-15.88181209564209,-11.155991554260254,-13.430878829956054,2.294053802070961,8,2
7,1.264091396331787,0.05331756280734113,0.2724494934082031,0.008343993740140533,grow,2,0.9,6,"{'initializer': 'grow', 'ms_lower': 2, 'p_xo': 0.9, 'tournament_size': 6}",-17.67995834350586,-15.39212417602539,-12.578262329101562,-17.881242752075195,-13.55986213684082,-15.418289947509766,2.1307968415290452,13,2
8,1.504105281829834,0.08697251457681117,0.004484844207763672,0.003087458545105404,rhh,1,0.7,14,"{'initializer': 'rhh', 'ms_lower': 1, 'p_xo': 0.7, 'tournament_size': 14}",-16.189884185791016,-13.475205421447754,-10.1597900390625,-15.715460777282715,-10.924036979675293,-13.292875480651855,2.4381322110346186,7,2
9,1.3312437057495117,0.10756047791503853,0.008657217025756836,0.0034841729618216594,rhh,1,0.7,6,"{'initializer': 'rhh', 'ms_lower': 1, 'p_xo': 0.7, 'tournament_size': 6}",-16.915307998657227,-14.571889877319336,-11.558650970458984,-16.970727920532227,-12.463089942932129,-14.495933341979981,2.2245822684614263,9,2
10,1.524001169204712,0.08539614144521382,0.10726318359375,0.06750575933470873,rhh,1,0.9,14,"{'initializer': 'rhh', 'ms_lower': 1, 'p_xo': 0.9, 'tournament_size': 14}",-17.348712921142578,-15.495600700378418,-11.81717300415039,-17.582855224609375,-12.816532135009766,-15.012174797058105,2.337964585958763,11,2
11,1.0600440502166748,0.12675975691759603,0.3900567054748535,0.16595122810729693,rhh,1,0.9,6,"{'initializer': 'rhh', 'ms_lower': 1, 'p_xo': 0.9, 'tournament_size': 6}",-18.966602325439453,-17.328975677490234,-13.907979965209961,-19.63337516784668,-14.871532440185547,-16.941693115234376,2.2353692340240205,15,2
12,1.359710454940796,0.1394022320280159,0.002957010269165039,0.002530678284597269,rhh,2,0.7,14,"{'initializer': 'rhh', 'ms_lower': 2, 'p_xo': 0.7, 'tournament_size': 14}",-15.400383949279785,-12.123514175415039,-8.0108642578125,-13.106483459472656,-7.861289024353027,-11.300506973266602,2.946111078606165,1,2
13,1.1428160667419434,0.10088163548548582,0.013611602783203124,0.005884199606856075,rhh,2,0.7,6,"{'initializer': 'rhh', 'ms_lower': 2, 'p_xo': 0.7, 'tournament_size': 6}",-15.819710731506348,-12.597129821777344,-9.02229118347168,-14.594273567199707,-9.564066886901855,-12.319494438171386,2.682056892958013,5,2
14,1.369126558303833,0.17516954322467085,0.04156913757324219,0.024532116824119717,rhh,2,0.9,14,"{'initializer': 'rhh', 'ms_lower': 2, 'p_xo': 0.9, 'tournament_size': 14}",-15.715867042541504,-12.541698455810547,-8.798727989196777,-14.531211853027344,-9.47292709350586,-12.212086486816407,2.7172587330697096,4,2
15,1.0335991382598877,0.16569993417622597,0.6611577033996582,0.4630656550679878,rhh,2,0.9,6,"{'initializer': 'rhh', 'ms_lower': 2, 'p_xo': 0.9, 'tournament_size': 6}",-17.54522705078125,-15.363541603088379,-12.448906898498535,-17.59097671508789,-13.886661529541016,-15.367062759399413,2.0197735908252232,12,2
0,1.075740909576416,0.051774760880269693,0.0037498950958251955,0.0017937026861199366,grow,1,0.7,14,"{'initializer': 'grow', 'ms_lower': 1, 'p_xo': 0.7, 'tournament_size': 14}",-17.01779556274414,-11.719633102416992,-12.591058731079102,-16.152143478393555,-10.967936515808105,-13.689713478088379,2.43458500121646,7,3
1,0.9715356826782227,0.06729430474581113,0.010232830047607422,0.0015040022815312332,grow,1,0.7,6,"{'initializer': 'grow', 'ms_lower': 1, 'p_xo': 0.7, 'tournament_size': 6}",-18.059490203857422,-13.749479293823242,-13.809967041015625,-17.353776931762695,-12.394526481628418,-15.073447990417481,2.220011074319109,10,3
2,1.0431083202362061,0.09919164360303975,0.055435562133789064,0.01541304723306292,grow,1,0.9,14,"{'initializer': 'grow', 'ms_lower': 1, 'p_xo': 0.9, 'tournament_size': 14}",-18.549604415893555,-15.195053100585938,-14.278221130371094,-17.79424285888672,-13.584484100341797,-15.88032112121582,1.9542443036812567,14,3
3,0.8774374961853028,0.08144645019291931,0.21754608154296876,0.16125921669259874,grow,1,0.9,6,"{'initializer': 'grow', 'ms_lower': 1, 'p_xo': 0.9, 'tournament_size': 6}",-19.663253784179688,-16.4956111907959,-16.374452590942383,-19.856292724609375,-15.272942543029785,-17.532510566711426,1.8687930019567551,16,3
4,1.0692716598510743,0.06838877066219194,0.010138130187988282,0.014983216108498973,grow,2,0.7,14,"{'initializer': 'grow', 'ms_lower': 2, 'p_xo': 0.7, 'tournament_size': 14}",-16.658992767333984,-10.07554817199707,-10.171509742736816,-13.105201721191406,-8.260753631591797,-11.654401206970215,2.944803785814625,2,3
5,0.9844281673431396,0.08791905595167564,0.009303665161132813,0.00802393446423345,grow,2,0.7,6,"{'initializer': 'grow', 'ms_lower': 2, 'p_xo': 0.7, 'tournament_size': 6}",-16.048431396484375,-11.17489242553711,-11.375709533691406,-15.056262016296387,-9.689234733581543,-12.668906021118165,2.4455484117515076,5,3
6,1.0461221218109131,0.11219490563398539,0.031244945526123048,0.030435059543140137,grow,2,0.9,14,"{'initializer': 'grow', 'ms_lower': 2, 'p_xo': 0.9, 'tournament_size': 14}",-16.914274215698242,-11.066307067871094,-12.13200855255127,-15.783620834350586,-10.544878005981445,-13.288217735290527,2.57584711442872,6,3
7,0.8397303104400635,0.0524271295576164,0.23174657821655273,0.06555442633166537,grow,2,0.9,6,"{'initializer': 'grow', 'ms_lower': 2, 'p_xo': 0.9, 'tournament_size': 6}",-18.22812843322754,-13.803865432739258,-14.065995216369629,-17.58572769165039,-12.703158378601074,-15.277375030517579,2.2045725486650474,12,3
8,1.018624210357666,0.044593374198427196,0.00587611198425293,0.005899215377396391,rhh,1,0.7,14,"{'initializer': 'rhh', 'ms_lower': 1, 'p_xo': 0.7, 'tournament_size': 14}",-17.29463768005371,-12.169868469238281,-12.737323760986328,-16.336942672729492,-10.638529777526855,-13.835460472106934,2.5465186815842915,8,3
9,1.0003897666931152,0.055734685555315105,0.0076103687286376955,0.0027974917566785658,rhh,1,0.7,6,"{'initializer': 'rhh', 'ms_lower': 1, 'p_xo': 0.7, 'tournament_size': 6}",-17.88184356689453,-13.308201789855957,-13.445220947265625,-17.00676155090332,-12.014476776123047,-14.731300926208496,2.2875308221718043,9,3
10,1.0391191959381103,0.09973927652727431,0.07586941719055176,0.04233677272290027,rhh,1,0.9,14,"{'initializer': 'rhh', 'ms_lower': 1, 'p_xo': 0.9, 'tournament_size': 14}",-18.231300354003906,-13.879868507385254,-13.91768741607666,-17.445024490356445,-12.29940414428711,-15.154656982421875,2.2811911752910654,11,3
11,0.8976869583129883,0.04990520065048827,0.3610666751861572,0.23172914218734664,rhh,1,0.9,6,"{'initializer': 'rhh', 'ms_lower': 1, 'p_xo': 0.9, 'tournament_size': 6}",-19.141674041748047,-16.875112533569336,-15.6787691116333,-18.998201370239258,-14.422773361206055,-17.0233060836792,1.8428350787195265,15,3
12,1.016188383102417,0.06690254613335103,0.023449468612670898,0.03214728981722075,rhh,2,0.7,14,"{'initializer': 'rhh', 'ms_lower': 2, 'p_xo': 0.7, 'tournament_size': 14}",-16.88858413696289,-9.540966987609863,-9.862101554870605,-13.49887466430664,-7.968703269958496,-11.551846122741699,3.225196957654271,1,3
13,0.9929881572723389,0.07940187927874184,0.018822431564331055,0.010329484498782845,rhh,2,0.7,6,"{'initializer': 'rhh', 'ms_lower': 2, 'p_xo': 0.7, 'tournament_size': 6}",-16.897048950195312,-10.54796314239502,-10.89242172241211,-14.577845573425293,-9.154058456420898,-12.413867568969726,2.8706956768041487,3,3
14,1.0289063453674316,0.04260895946504912,0.04102306365966797,0.023212521485184573,rhh,2,0.9,14,"{'initializer': 'rhh', 'ms_lower': 2, 'p_xo': 0.9, 'tournament_size': 14}",-16.955373764038086,-10.123452186584473,-11.223539352416992,-14.935287475585938,-9.093109130859375,-12.466152381896972,2.9886280748289944,4,3
15,0.830350685119629,0.08791655331763595,0.28522796630859376,0.19154825120042387,rhh,2,0.9,6,"{'initializer': 'rhh', 'ms_lower': 2, 'p_xo': 0.9, 'tournament_size': 6}",-18.168088912963867,-14.20081901550293,-14.31901741027832,-18.129369735717773,-12.980260848999023,-15.559511184692383,2.1654677206489796,13,3
0,1.0893274307250977,0.05508268116528016,0.0033616542816162108,0.0015241727260547077,grow,1,0.7,14,"{'initializer': 'grow', 'ms_lower': 1, 'p_xo': 0.7, 'tournament_size': 14}",-17.127408981323242,-11.096648216247559,-12.418863296508789,-16.595394134521484,-11.242209434509277,-13.696104812622071,2.630203409771482,7,4
1,0.8928916454315186,0.06766344198435742,0.014422941207885741,0.0060236146049610665,grow,1,0.7,6,"{'initializer': 'grow', 'ms_lower': 1, 'p_xo': 0.7, 'tournament_size': 6}",-17.746965408325195,-13.021053314208984,-13.967445373535156,-17.934537887573242,-12.652812957763672,-15.06456298828125,2.307733768177704,11,4
2,0.9093647003173828,0.09936851815555661,0.042647790908813474,0.012089835487729085,grow,1,0.9,14,"{'initializer': 'grow', 'ms_lower': 1, 'p_xo': 0.9, 'tournament_size': 14}",-18.127750396728516,-13.414234161376953,-14.41211223602295,-18.66854476928711,-13.842408180236816,-15.693009948730468,2.2378567184903773,13,4
3,0.8547230243682862,0.10862354571713867,0.25301036834716795,0.1485245734891933,grow,1,0.9,6,"{'initializer': 'grow', 'ms_lower': 1, 'p_xo': 0.9, 'tournament_size': 6}",-19.072490692138672,-16.007062911987305,-16.4405460357666,-20.628124237060547,-15.528048515319824,-17.53525447845459,1.9744148670995618,16,4
4,1.031242799758911,0.07174854707997265,0.005352687835693359,0.001960940530769916,grow,2,0.7,14,"{'initializer': 'grow', 'ms_lower': 2, 'p_xo': 0.7, 'tournament_size': 14}",-17.2989559173584,-9.38833236694336,-10.773555755615234,-13.361984252929688,-8.02934741973877,-11.77043514251709,3.279069685860782,2,4
5,0.9625034332275391,0.08949781626785272,0.010596227645874024,0.0031923715502950945,grow,2,0.7,6,"{'initializer': 'grow', 'ms_lower': 2, 'p_xo': 0.7, 'tournament_size': 6}",-16.321706771850586,-10.510050773620605,-11.67409896850586,-15.344202041625977,-9.941826820373535,-12.758377075195312,2.5902661945451393,5,4
6,1.015315294265747,0.07497909514519158,0.03130779266357422,0.0365170671320081,grow,2,0.9,14,"{'initializer': 'grow', 'ms_lower': 2, 'p_xo': 0.9, 'tournament_size': 14}",-16.953262329101562,-10.411619186401367,-12.373956680297852,-15.609476089477539,-10.804195404052734,-13.230501937866212,2.610946038713954,6,4
7,0.8662602424621582,0.06033945381354523,0.2352856159210205,0.050479562977505596,grow,2,0.9,6,"{'initializer': 'grow', 'ms_lower': 2, 'p_xo': 0.9, 'tournament_size': 6}",-17.856164932250977,-12.941690444946289,-14.214143753051758,-18.186697006225586,-12.962160110473633,-15.232171249389648,2.3259491896913573,12,4
8,0.975937795639038,0.05705060216129471,0.005955839157104492,0.004821601932672107,rhh,1,0.7,14,"{'initializer': 'rhh', 'ms_lower': 1, 'p_xo': 0.7, 'tournament_size': 14}",-17.22273063659668,-11.232706069946289,-12.95356273651123,-16.80818748474121,-10.89293098449707,-13.822023582458495,2.702604528536863,8,4
9,0.9216423511505127,0.06865376551805413,0.007292366027832032,0.001339151181482212,rhh,1,0.7,6,"{'initializer': 'rhh', 'ms_lower': 1, 'p_xo': 0.7, 'tournament_size': 6}",-17.629880905151367,-12.57327651977539,-13.620308876037598,-17.552230834960938,-12.273263931274414,-14.729792213439941,2.3787693711715683,9,4
10,0.9723683834075928,0.030893473358400144,0.10885152816772461,0.06086092158444462,rhh,1,0.9,14,"{'initializer': 'rhh', 'ms_lower': 1, 'p_xo': 0.9, 'tournament_size': 14}",-17.867950439453125,-13.146671295166016,-14.027978897094727,-18.02240753173828,-12.032511711120605,-15.019503974914551,2.471591553763343,10,4
11,0.8748432636260987,0.09668288788080102,0.2246020793914795,0.25578323296415373,rhh,1,0.9,6,"{'initializer': 'rhh', 'ms_lower': 1, 'p_xo': 0.9, 'tournament_size': 6}",-18.815086364746094,-16.151426315307617,-16.059377670288086,-19.70993423461914,-14.553736686706543,-17.057912254333495,1.90843206768848,15,4
12,1.0524930477142334,0.11482271467151217,0.00504450798034668,0.00248348199656327,rhh,2,0.7,14,"{'initializer': 'rhh', 'ms_lower': 2, 'p_xo': 0.7, 'tournament_size': 14}",-17.524965286254883,-9.089775085449219,-10.311498641967773,-13.405134201049805,-8.191486358642578,-11.70457191467285,3.4026012641811376,1,4
13,0.9049078464508057,0.09942242841880682,0.0163362979888916,0.010143393329718885,rhh,2,0.7,6,"{'initializer': 'rhh', 'ms_lower': 2, 'p_xo': 0.7, 'tournament_size': 6}",-17.055173873901367,-9.905689239501953,-11.237645149230957,-14.777055740356445,-9.401695251464844,-12.475451850891114,2.9615894115873678,3,4
14,1.0338291645050048,0.09414653425577253,0.08088622093200684,0.07061535020450466,rhh,2,0.9,14,"{'initializer': 'rhh', 'ms_lower': 2, 'p_xo': 0.9, 'tournament_size': 14}",-17.070785522460938,-10.475754737854004,-11.185449600219727,-15.196028709411621,-9.25881576538086,-12.63736686706543,2.979838575866149,4,4
15,0.847482967376709,0.09186054869585417,0.2815310001373291,0.19041976668596905,rhh,2,0.9,6,"{'initializer': 'rhh', 'ms_lower': 2, 'p_xo': 0.9, 'tournament_size': 6}",-17.838565826416016,-13.475749969482422,-14.450826644897461,-18.928842544555664,-13.773933410644531,-15.693583679199218,2.2457131117563085,14,4
0,1.0905080318450928,0.08309376788343423,0.002162456512451172,0.0012810783447058526,grow,1,0.7,14,"{'initializer': 'grow', 'ms_lower': 1, 'p_xo': 0.7, 'tournament_size': 14}",-17.318315505981445,-14.117484092712402,-11.206483840942383,-15.057076454162598,-12.960112571716309,-14.131894493103028,2.046487163267158,7,5
1,0.9256046772003174,0.07999764048028653,0.009483242034912109,0.00139205700274521,grow,1,0.7,6,"{'initializer': 'grow', 'ms_lower': 1, 'p_xo': 0.7, 'tournament_size': 6}",-18.08867835998535,-15.842986106872559,-12.567634582519531,-16.26900291442871,-14.290075302124023,-15.411675453186035,1.8672942559586108,11,5
2,1.0316223621368408,0.11021541966016905,0.05535922050476074,0.017312645210174456,grow,1,0.9,14,"{'initializer': 'grow', 'ms_lower': 1, 'p_xo': 0.9, 'tournament_size': 14}",-18.596858978271484,-16.33304786682129,-13.060725212097168,-16.719881057739258,-14.77554988861084,-15.897212600708007,1.8686152241021334,13,5
3,0.8805489540100098,0.05613287754505558,0.16429219245910645,0.09038885522108665,grow,1,0.9,6,"{'initializer': 'grow', 'ms_lower': 1, 'p_xo': 0.9, 'tournament_size': 6}",-19.46076011657715,-18.259132385253906,-15.349963188171387,-18.8110408782959,-17.02566146850586,-17.78131160736084,1.4554493897186718,16,5
4,1.0021056652069091,0.06699924828567594,0.003050565719604492,0.001111628152728629,grow,2,0.7,14,"{'initializer': 'grow', 'ms_lower': 2, 'p_xo': 0.7, 'tournament_size': 14}",-17.477832794189453,-12.826294898986816,-8.3727388381958,-12.406805992126465,-10.010309219360352,-12.218796348571777,3.089706789459896,2,5
5,0.9154652118682861,0.08115744747764395,0.009782552719116211,0.008078033124044835,grow,2,0.7,6,"{'initializer': 'grow', 'ms_lower': 2, 'p_xo': 0.7, 'tournament_size': 6}",-16.550094604492188,-13.705254554748535,-10.017379760742188,-13.947370529174805,-11.742408752441406,-13.192501640319824,2.20410260366092,5,5
6,1.0960221767425538,0.1033971066854428,0.031384611129760744,0.030712463328195043,grow,2,0.9,14,"{'initializer': 'grow', 'ms_lower': 2, 'p_xo': 0.9, 'tournament_size': 14}",-17.338741302490234,-13.617460250854492,-10.262861251831055,-14.742354393005371,-12.61899471282959,-13.71608238220215,2.3373042483691853,6,5
7,0.8385428428649903,0.03886152816170865,0.26279253959655763,0.10717423525510639,grow,2,0.9,6,"{'initializer': 'grow', 'ms_lower': 2, 'p_xo': 0.9, 'tournament_size': 6}",-18.20870018005371,-15.932747840881348,-12.849133491516113,-16.521995544433594,-14.552393913269043,-15.612994194030762,1.8127335355225485,12,5
8,1.1255576133728027,0.07217766151128523,0.005331087112426758,0.004072443960278266,rhh,1,0.7,14,"{'initializer': 'rhh', 'ms_lower': 1, 'p_xo': 0.7, 'tournament_size': 14}",-17.51479148864746,-14.380498886108398,-11.077507972717285,-14.913333892822266,-13.001814842224121,-14.177589416503906,2.131307611080125,8,5
9,0.9634990692138672,0.09135242104342708,0.007035541534423828,0.0021395652278727193,rhh,1,0.7,6,"{'initializer': 'rhh', 'ms_lower': 1, 'p_xo': 0.7, 'tournament_size': 6}",-17.959346771240234,-15.467414855957031,-12.194103240966797,-15.927936553955078,-13.90807819366455,-15.091375923156738,1.94220896223993,9,5
10,0.9982241630554199,0.04280278229679564,0.04357089996337891,0.018603414872613293,rhh,1,0.9,14,"{'initializer': 'rhh', 'ms_lower': 1, 'p_xo': 0.9, 'tournament_size': 14}",-18.20371437072754,-15.802053451538086,-12.688043594360352,-15.871384620666504,-14.379855155944824,-15.389010238647462,1.824251292217608,10,5
11,0.8605207443237305,0.049197706868304075,0.3518502712249756,0.1807834604092807,rhh,1,0.9,6,"{'initializer': 'rhh', 'ms_lower': 1, 'p_xo': 0.9, 'tournament_size': 6}",-18.98923110961914,-18.49488639831543,-15.553996086120605,-18.12181282043457,-17.120798110961914,-17.656144905090333,1.216805537103027,15,5
12,1.0479607582092285,0.1373709326847643,0.005254411697387695,0.0026484763271881423,rhh,2,0.7,14,"{'initializer': 'rhh', 'ms_lower': 2, 'p_xo': 0.7, 'tournament_size': 14}",-17.062652587890625,-12.527602195739746,-8.478498458862305,-12.424880027770996,-10.056357383728027,-12.10999813079834,2.905428027700972,1,5
13,0.9349249362945556,0.0777260812507145,0.011845159530639648,0.005573678194474268,rhh,2,0.7,6,"{'initializer': 'rhh', 'ms_lower': 2, 'p_xo': 0.7, 'tournament_size': 6}",-17.300939559936523,-13.211649894714355,-9.522245407104492,-13.483798027038574,-11.210258483886719,-12.945778274536133,2.6099880855080495,4,5
14,1.035779094696045,0.11374121001521943,0.07814278602600097,0.035508588454652525,rhh,2,0.9,14,"{'initializer': 'rhh', 'ms_lower': 2, 'p_xo': 0.9, 'tournament_size': 14}",-17.11716079711914,-13.030133247375488,-9.288999557495117,-13.275809288024902,-10.863042831420898,-12.71502914428711,2.6442412933345274,3,5
15,1.0509528160095214,0.18472430639670903,0.2920849800109863,0.1782515039541373,rhh,2,0.9,6,"{'initializer': 'rhh', 'ms_lower': 2, 'p_xo': 0.9, 'tournament_size': 6}",-18.182775497436523,-17.40059471130371,-13.097268104553223,-17.237838745117188,-15.240594863891602,-16.23181438446045,1.8434900731944532,14,5
0,1.473780632019043,0.1558643406464732,0.007647943496704101,0.0063700392256501245,grow,1,0.7,14,"{'initializer': 'grow', 'ms_lower': 1, 'p_xo': 0.7, 'tournament_size': 14}",-17.84208869934082,-12.242194175720215,-12.858081817626953,-15.82806396484375,-11.341115951538086,-14.022308921813964,2.431645444034615,7,6
1,1.4798487186431886,0.2332727397570246,0.01165456771850586,0.004107275427767168,grow,1,0.7,6,"{'initializer': 'grow', 'ms_lower': 1, 'p_xo': 0.7, 'tournament_size': 6}",-18.436370849609375,-14.11155891418457,-14.098860740661621,-17.500181198120117,-12.965373039245605,-15.422468948364259,2.140478309861274,10,6
2,1.3783387660980224,0.08517664737346371,0.09050970077514649,0.042337075839775154,grow,1,0.9,14,"{'initializer': 'grow', 'ms_lower': 1, 'p_xo': 0.9, 'tournament_size': 14}",-18.894397735595703,-15.030050277709961,-14.414397239685059,-17.96442985534668,-13.502068519592285,-15.961068725585937,2.093969672457658,13,6
3,1.080191469192505,0.0904106165723565,0.32127809524536133,0.17173590043462136,grow,1,0.9,6,"{'initializer': 'grow', 'ms_lower': 1, 'p_xo': 0.9, 'tournament_size': 6}",-19.973630905151367,-17.13706398010254,-16.72056770324707,-20.10350799560547,-15.923541069030762,-17.971662330627442,1.7325840232571845,16,6
4,1.3427113056182862,0.02977805058548415,0.0032824039459228515,0.0025008340887625836,grow,2,0.7,14,"{'initializer': 'grow', 'ms_lower': 2, 'p_xo': 0.7, 'tournament_size': 14}",-17.36090660095215,-10.274946212768555,-11.181785583496094,-13.279655456542969,-8.034236907958984,-12.02630615234375,3.15423334285046,1,6
5,1.4368789196014404,0.1376340290295516,0.005998420715332031,0.0037828145291400384,grow,2,0.7,6,"{'initializer': 'grow', 'ms_lower': 2, 'p_xo': 0.7, 'tournament_size': 6}",-16.553194046020508,-11.467191696166992,-12.052468299865723,-15.052614212036133,-10.099921226501465,-13.045077896118164,2.3868819602188815,5,6
6,1.47812180519104,0.1502098096053809,0.030385684967041016,0.013462851709174785,grow,2,0.9,14,"{'initializer': 'grow', 'ms_lower': 2, 'p_xo': 0.9, 'tournament_size': 14}",-17.518047332763672,-11.604119300842285,-12.715727806091309,-15.902100563049316,-11.103846549987793,-13.768768310546875,2.5101636327196877,6,6
7,1.3560549736022949,0.274047021103781,0.2680471897125244,0.09083729916685002,grow,2,0.9,6,"{'initializer': 'grow', 'ms_lower': 2, 'p_xo': 0.9, 'tournament_size': 6}",-18.619348526000977,-14.074058532714844,-14.64611530303955,-17.84649085998535,-13.362944602966309,-15.709791564941407,2.1140352879208923,12,6
8,1.488315725326538,0.11077110122324882,0.003939199447631836,0.003455817467486317,rhh,1,0.7,14,"{'initializer': 'rhh', 'ms_lower': 1, 'p_xo': 0.7, 'tournament_size': 14}",-17.723379135131836,-12.297273635864258,-13.13661003112793,-16.414228439331055,-11.698357582092285,-14.253969764709472,2.379572443262064,8,6
9,1.2448807239532471,0.11511386117381904,0.008329820632934571,0.0011067022936306122,rhh,1,0.7,6,"{'initializer': 'rhh', 'ms_lower': 1, 'p_xo': 0.7, 'tournament_size': 6}",-18.28566551208496,-13.650940895080566,-13.778363227844238,-17.15020751953125,-12.561083793640137,-15.08525218963623,2.220059444630182,9,6
10,1.3723400115966797,0.31622507817675655,0.03772492408752441,0.03730610479542681,rhh,1,0.9,14,"{'initializer': 'rhh', 'ms_lower': 1, 'p_xo': 0.9, 'tournament_size': 14}",-18.604598999023438,-13.59683895111084,-14.32065200805664,-17.757549285888672,-13.263611793518066,-15.508650207519532,2.224814844732223,11,6
11,1.2344467163085937,0.14493366852108377,0.4292250633239746,0.25345617936020093,rhh,1,0.9,6,"{'initializer': 'rhh', 'ms_lower': 1, 'p_xo': 0.9, 'tournament_size': 6}",-19.67022705078125,-17.312576293945312,-16.46514129638672,-19.92129135131836,-15.977551460266113,-17.86935749053955,1.6318285583355057,15,6
12,1.4890035152435304,0.09797182501596882,0.009484958648681641,0.004724021936936657,rhh,2,0.7,14,"{'initializer': 'rhh', 'ms_lower': 2, 'p_xo': 0.7, 'tournament_size': 14}",-17.291513442993164,-9.94180965423584,-10.98763370513916,-13.58875560760498,-8.436941146850586,-12.049330711364746,3.113471140320024,2,6
13,1.2241456985473633,0.07349956134418133,0.024695682525634765,0.016042404215555736,rhh,2,0.7,6,"{'initializer': 'rhh', 'ms_lower': 2, 'p_xo': 0.7, 'tournament_size': 6}",-17.380151748657227,-10.89413070678711,-11.68886661529541,-14.541674613952637,-9.489904403686523,-12.79894561767578,2.822584027488119,4,6
14,1.4150604724884033,0.16219974637802692,0.11924147605895996,0.049509586574094856,rhh,2,0.9,14,"{'initializer': 'rhh', 'ms_lower': 2, 'p_xo': 0.9, 'tournament_size': 14}",-16.543956756591797,-11.173507690429688,-11.400752067565918,-14.916838645935059,-9.562321662902832,-12.719475364685058,2.59043355397166,3,6
15,1.3457443237304687,0.14065665911174988,0.6698050975799561,0.4149151167186692,rhh,2,0.9,6,"{'initializer': 'rhh', 'ms_lower': 2, 'p_xo': 0.9, 'tournament_size': 6}",-18.933582305908203,-15.683533668518066,-14.932518005371094,-18.464792251586914,-14.028627395629883,-16.40861072540283,1.947935884854992,14,6
0,1.3849963665008544,0.23225598061226949,0.002510213851928711,0.0004620864678467164,grow,1,0.7,14,"{'initializer': 'grow', 'ms_lower': 1, 'p_xo': 0.7, 'tournament_size': 14}",-16.91194725036621,-12.362770080566406,-13.354181289672852,-12.522449493408203,-11.635149955749512,-13.357299613952637,1.85942962785939,7,7
1,1.196431827545166,0.16207798147381206,0.011767292022705078,0.001306909882934601,grow,1,0.7,6,"{'initializer': 'grow', 'ms_lower': 1, 'p_xo': 0.7, 'tournament_size': 6}",-17.77372932434082,-14.192371368408203,-15.248191833496094,-13.4908447265625,-13.129280090332031,-14.76688346862793,1.6681045285752807,10,7
2,1.289917230606079,0.035795124190493605,0.07757034301757812,0.03834130174260858,grow,1,0.9,14,"{'initializer': 'grow', 'ms_lower': 1, 'p_xo': 0.9, 'tournament_size': 14}",-18.151500701904297,-15.16393756866455,-15.674784660339355,-13.877367973327637,-14.44606876373291,-15.46273193359375,1.477207149206776,14,7
3,2.19907283782959,1.2448306907948024,0.6949844360351562,0.6006050132664438,grow,1,0.9,6,"{'initializer': 'grow', 'ms_lower': 1, 'p_xo': 0.9, 'tournament_size': 6}",-19.089771270751953,-17.28390884399414,-17.972965240478516,-15.728473663330078,-16.100217819213867,-17.23506736755371,1.2283739997411263,16,7
4,1.4672174453735352,0.10000273179891632,0.0054378509521484375,0.006792035234324929,grow,2,0.7,14,"{'initializer': 'grow', 'ms_lower': 2, 'p_xo': 0.7, 'tournament_size': 14}",-17.35272216796875,-9.730463027954102,-12.173086166381836,-11.12048053741455,-8.135659217834473,-11.702482223510742,3.1335759612646643,1,7
5,1.077061367034912,0.07162179127079447,0.006658124923706055,0.004005400916954322,grow,2,0.7,6,"{'initializer': 'grow', 'ms_lower': 2, 'p_xo': 0.7, 'tournament_size': 6}",-16.37090492248535,-11.097290992736816,-13.028911590576172,-11.740134239196777,-10.236064910888672,-12.494661331176758,2.1416769366013617,5,7
6,1.2106694221496581,0.1322071902333188,0.01787734031677246,0.006114278947751906,grow,2,0.9,14,"{'initializer': 'grow', 'ms_lower': 2, 'p_xo': 0.9, 'tournament_size': 14}",-16.997957229614258,-12.39625072479248,-13.701991081237793,-12.241400718688965,-10.532175064086914,-13.173954963684082,2.161263418107303,6,7
7,1.0386476516723633,0.08576771052807064,0.4256525993347168,0.18080403087477487,grow,2,0.9,6,"{'initializer': 'grow', 'ms_lower': 2, 'p_xo': 0.9, 'tournament_size': 6}",-17.899208068847656,-15.08923625946045,-15.95382308959961,-13.73602294921875,-13.44343376159668,-15.224344825744629,1.6181490943651626,12,7
8,1.2105998516082763,0.10271823878581074,0.010417985916137695,0.010505419991755102,rhh,1,0.7,14,"{'initializer': 'rhh', 'ms_lower': 1, 'p_xo': 0.7, 'tournament_size': 14}",-17.260360717773438,-12.257341384887695,-14.191043853759766,-12.724493980407715,-11.910264015197754,-13.668700790405273,1.9569581024481724,8,7
9,1.0837122917175293,0.09994886700783678,0.009664678573608398,0.005344198702608429,rhh,1,0.7,6,"{'initializer': 'rhh', 'ms_lower': 1, 'p_xo': 0.7, 'tournament_size': 6}",-17.668481826782227,-13.726280212402344,-14.898839950561523,-13.234207153320312,-12.725656509399414,-14.450693130493164,1.7626890377473068,9,7
10,1.2875752925872803,0.14290089866125702,0.09946084022521973,0.06760909290180346,rhh,1,0.9,14,"{'initializer': 'rhh', 'ms_lower': 1, 'p_xo': 0.9, 'tournament_size': 14}",-17.8942813873291,-14.718871116638184,-15.3108491897583,-13.620259284973145,-13.032500267028809,-14.915352249145508,1.6906471452195002,11,7
11,1.340437364578247,0.11250912115964748,0.2731620311737061,0.21910848504811453,rhh,1,0.9,6,"{'initializer': 'rhh', 'ms_lower': 1, 'p_xo': 0.9, 'tournament_size': 6}",-18.63541030883789,-16.877750396728516,-17.706588745117188,-14.941610336303711,-15.095573425292969,-16.651386642456053,1.4453326066515848,15,7
12,1.5461047649383546,0.0513441652211027,0.006419134140014648,0.0061406084645776625,rhh,2,0.7,14,"{'initializer': 'rhh', 'ms_lower': 2, 'p_xo': 0.7, 'tournament_size': 14}",-17.583019256591797,-9.80075740814209,-11.98438835144043,-11.078452110290527,-8.46945858001709,-11.783215141296386,3.1332414709790455,2,7
13,1.1701529979705811,0.10234114977376955,0.01393585205078125,0.004672597063102417,rhh,2,0.7,6,"{'initializer': 'rhh', 'ms_lower': 2, 'p_xo': 0.7, 'tournament_size': 6}",-17.107833862304688,-10.792308807373047,-12.51056957244873,-11.495213508605957,-9.622847557067871,-12.305754661560059,2.5786585521727834,3,7
14,1.1957756519317626,0.191909272698922,0.04204559326171875,0.031184372886397402,rhh,2,0.9,14,"{'initializer': 'rhh', 'ms_lower': 2, 'p_xo': 0.9, 'tournament_size': 14}",-17.11832618713379,-11.191463470458984,-12.435212135314941,-11.45387077331543,-9.342977523803711,-12.308370018005371,2.6047252872982716,4,7
15,0.976151990890503,0.0552671580669596,0.2832777976989746,0.15518221774126778,rhh,2,0.9,6,"{'initializer': 'rhh', 'ms_lower': 2, 'p_xo': 0.9, 'tournament_size': 6}",-17.86678695678711,-14.40001106262207,-16.12883758544922,-14.382806777954102,-14.290810585021973,-15.413850593566895,1.4057200294213166,13,7
0,1.2487568855285645,0.08939961358156195,0.00630030632019043,0.007716281291063951,grow,1,0.7,14,"{'initializer': 'grow', 'ms_lower': 1, 'p_xo': 0.7, 'tournament_size': 14}",-17.227584838867188,-12.37832260131836,-10.78720474243164,-16.740741729736328,-11.238006591796875,-13.674372100830078,2.7560587808325288,8,8
1,1.2202259063720704,0.19528517249694102,0.007834100723266601,0.006618489167180235,grow,1,0.7,6,"{'initializer': 'grow', 'ms_lower': 1, 'p_xo': 0.7, 'tournament_size': 6}",-17.77372932434082,-14.557621955871582,-12.173382759094238,-18.028310775756836,-12.571550369262695,-15.020919036865234,2.48776540125057,11,8
2,0.9881565570831299,0.043423184418032064,0.06211762428283692,0.007940791235464649,grow,1,0.9,14,"{'initializer': 'grow', 'ms_lower': 1, 'p_xo': 0.9, 'tournament_size': 14}",-18.132381439208984,-15.172834396362305,-12.55986213684082,-19.056968688964844,-13.381390571594238,-15.660687446594238,2.557041646708907,13,8
3,0.8735854625701904,0.11108602505298527,0.1996767520904541,0.11757976155874356,grow,1,0.9,6,"{'initializer': 'grow', 'ms_lower': 1, 'p_xo': 0.9, 'tournament_size': 6}",-19.089771270751953,-17.41098976135254,-14.42426586151123,-20.641281127929688,-15.352154731750488,-17.38369255065918,2.29820300729617,16,8
4,1.3415799617767334,0.26483065520102367,0.009263896942138672,0.006732610646134604,grow,2,0.7,14,"{'initializer': 'grow', 'ms_lower': 2, 'p_xo': 0.7, 'tournament_size': 14}",-16.701427459716797,-10.524353981018066,-9.8452787399292,-14.025888442993164,-8.37853717803955,-11.895097160339356,3.0360490432918943,2,8
5,1.2403689861297607,0.060386120637065936,0.019071054458618165,0.020499646230951647,grow,2,0.7,6,"{'initializer': 'grow', 'ms_lower': 2, 'p_xo': 0.7, 'tournament_size': 6}",-16.37090492248535,-11.779791831970215,-10.334547996520996,-15.553325653076172,-10.024209976196289,-12.812556076049805,2.651628344467231,5,8
6,1.2426223278045654,0.09327712871605898,0.03522148132324219,0.04322667722569674,grow,2,0.9,14,"{'initializer': 'grow', 'ms_lower': 2, 'p_xo': 0.9, 'tournament_size': 14}",-16.997957229614258,-11.64632797241211,-10.847485542297363,-15.80391788482666,-10.822447776794434,-13.223627281188964,2.6382968689628608,6,8
7,1.225917148590088,0.15990694224970642,0.34974470138549807,0.07303412652014353,grow,2,0.9,6,"{'initializer': 'grow', 'ms_lower': 2, 'p_xo': 0.9, 'tournament_size': 6}",-17.89914894104004,-15.364384651184082,-12.35788631439209,-18.276165008544922,-12.855246543884277,-15.350566291809082,2.4591602798516154,12,8
8,1.4006990432739257,0.1205761464354411,0.0013246536254882812,0.002205686856017535,rhh,1,0.7,14,"{'initializer': 'rhh', 'ms_lower': 1, 'p_xo': 0.7, 'tournament_size': 14}",-17.260360717773438,-12.853998184204102,-10.964959144592285,-16.383548736572266,-10.883341789245605,-13.66924171447754,2.6833785767524807,7,8
9,1.323880910873413,0.16819696613223947,0.013055896759033203,0.008297232669640386,rhh,1,0.7,6,"{'initializer': 'rhh', 'ms_lower': 1, 'p_xo': 0.7, 'tournament_size': 6}",-17.668481826782227,-14.294578552246094,-11.854167938232422,-17.662723541259766,-12.200215339660645,-14.73603343963623,2.533581382792437,9,8
10,1.3544909954071045,0.07755942513040853,0.16620974540710448,0.11651660504735432,rhh,1,0.9,14,"{'initializer': 'rhh', 'ms_lower': 1, 'p_xo': 0.9, 'tournament_size': 14}",-17.8942813873291,-14.69175910949707,-12.19309139251709,-17.46426773071289,-12.751489639282227,-14.998977851867675,2.3443132125777635,10,8
11,1.2683656215667725,0.10391559484847522,0.49797444343566893,0.4265917268594182,rhh,1,0.9,6,"{'initializer': 'rhh', 'ms_lower': 1, 'p_xo': 0.9, 'tournament_size': 6}",-18.8232364654541,-19.10592269897461,-13.779808044433594,-19.74546241760254,-14.40849494934082,-17.17258491516113,2.539026285924067,15,8
12,1.4383644104003905,0.1505791352703044,0.006140708923339844,0.004174943764321816,rhh,2,0.7,14,"{'initializer': 'rhh', 'ms_lower': 2, 'p_xo': 0.7, 'tournament_size': 14}",-17.583019256591797,-9.529561042785645,-9.720561981201172,-14.079671859741211,-8.502747535705566,-11.883112335205078,3.433846430889116,1,8
13,1.2714834690093995,0.11511283160089425,0.01891813278198242,0.004998567515321024,rhh,2,0.7,6,"{'initializer': 'rhh', 'ms_lower': 2, 'p_xo': 0.7, 'tournament_size': 6}",-17.107833862304688,-11.087471961975098,-10.053936004638672,-15.021378517150879,-9.529659271240234,-12.560055923461913,2.9790212329614567,4,8
14,1.4877037048339843,0.12756830325590693,0.06015677452087402,0.014576736067446413,rhh,2,0.9,14,"{'initializer': 'rhh', 'ms_lower': 2, 'p_xo': 0.9, 'tournament_size': 14}",-16.990234375,-10.61121940612793,-10.2125825881958,-15.132061958312988,-9.490890502929688,-12.487397766113281,2.9981217895978434,3,8
15,0.9723875999450684,0.07566628377408474,0.31186542510986326,0.14385926889000877,rhh,2,0.9,6,"{'initializer': 'rhh', 'ms_lower': 2, 'p_xo': 0.9, 'tournament_size': 6}",-17.919315338134766,-15.794676780700684,-12.56800651550293,-18.847511291503906,-13.557263374328613,-15.73735466003418,2.418052033097014,14,8
0,1.2137129783630372,0.124632392090001,0.0033374309539794924,0.002638787724210646,grow,1,0.7,14,"{'initializer': 'grow', 'ms_lower': 1, 'p_xo': 0.7, 'tournament_size': 14}",-17.27739906311035,-12.887088775634766,-10.32494831085205,-16.4765625,-10.950277328491211,-13.583255195617676,2.830254757428263,6,9
1,0.9633424758911133,0.057908920030315975,0.011457252502441406,0.0021632635961521254,grow,1,0.7,6,"{'initializer': 'grow', 'ms_lower': 1, 'p_xo': 0.7, 'tournament_size': 6}",-18.065237045288086,-14.2975435256958,-12.044010162353516,-17.87088394165039,-12.782633781433105,-15.01206169128418,2.5213075692605282,10,9
2,0.9861156940460205,0.05799797228443005,0.0368532657623291,0.013133257926121087,grow,1,0.9,14,"{'initializer': 'grow', 'ms_lower': 1, 'p_xo': 0.9, 'tournament_size': 14}",-18.46088409423828,-16.101028442382812,-12.422345161437988,-18.24069595336914,-13.18916130065918,-15.682822990417481,2.5013715312783797,13,9
3,0.847313928604126,0.08918011870101689,0.17117366790771485,0.0920099327162852,grow,1,0.9,6,"{'initializer': 'grow', 'ms_lower': 1, 'p_xo': 0.9, 'tournament_size': 6}",-19.46563720703125,-16.61634635925293,-14.784632682800293,-20.465883255004883,-15.634556770324707,-17.393411254882814,2.20169612691302,15,9
4,1.0591489791870117,0.16220847738404798,0.005546140670776367,0.003839516090079852,grow,2,0.7,14,"{'initializer': 'grow', 'ms_lower': 2, 'p_xo': 0.7, 'tournament_size': 14}",-17.455886840820312,-11.212244033813477,-8.172228813171387,-13.444241523742676,-8.235616683959961,-11.704043579101562,3.4887693318544906,1,9
5,1.0924942016601562,0.10761888671270173,0.012940263748168946,0.009459214967106097,grow,2,0.7,6,"{'initializer': 'grow', 'ms_lower': 2, 'p_xo': 0.7, 'tournament_size': 6}",-16.38796615600586,-11.710577964782715,-9.591025352478027,-15.425883293151855,-10.105497360229492,-12.64419002532959,2.770995618901246,4,9
6,1.2805551528930663,0.146761285586416,0.04404945373535156,0.04520373007521155,grow,2,0.9,14,"{'initializer': 'grow', 'ms_lower': 2, 'p_xo': 0.9, 'tournament_size': 14}",-17.173641204833984,-14.130158424377441,-10.36109733581543,-16.2437744140625,-10.990514755249023,-13.779837226867675,2.7268927055560828,7,9
7,1.1407799243927002,0.10014906589193648,0.28853230476379393,0.09788824652179898,grow,2,0.9,6,"{'initializer': 'grow', 'ms_lower': 2, 'p_xo': 0.9, 'tournament_size': 6}",-18.154935836791992,-14.515222549438477,-12.53680419921875,-18.205801010131836,-13.600563049316406,-15.402665328979491,2.3529067097326144,12,9
8,1.4151686668395995,0.11059598935342405,0.0012197017669677735,0.001097569000260101,rhh,1,0.7,14,"{'initializer': 'rhh', 'ms_lower': 1, 'p_xo': 0.7, 'tournament_size': 14}",-17.493867874145508,-12.908076286315918,-10.913795471191406,-16.532743453979492,-11.362748146057129,-13.84224624633789,2.6895919401633774,8,9
9,1.2066802978515625,0.10991163965946987,0.009278678894042968,0.0029138013224661516,rhh,1,0.7,6,"{'initializer': 'rhh', 'ms_lower': 1, 'p_xo': 0.7, 'tournament_size': 6}",-17.946378707885742,-14.10755443572998,-11.674960136413574,-17.50982666015625,-12.403310775756836,-14.728406143188476,2.5770799500965964,9,9
10,1.287055492401123,0.10629494735925737,0.18500990867614747,0.0862356669893601,rhh,1,0.9,14,"{'initializer': 'rhh', 'ms_lower': 1, 'p_xo': 0.9, 'tournament_size': 14}",-18.18208122253418,-14.395668983459473,-12.197999954223633,-17.467355728149414,-12.961368560791016,-15.040894889831543,2.39071376852101,11,9
11,1.107590627670288,0.06212350444323629,0.6019435405731202,0.2867432728162715,rhh,1,0.9,6,"{'initializer': 'rhh', 'ms_lower': 1, 'p_xo': 0.9, 'tournament_size': 6}",-18.936920166015625,-18.552322387695312,-14.428811073303223,-20.364709854125977,-15.516833305358887,-17.559919357299805,2.22377536791719,16,9
12,1.4192676544189453,0.22400683424919263,0.008326911926269531,0.004824120023744369,rhh,2,0.7,14,"{'initializer': 'rhh', 'ms_lower': 2, 'p_xo': 0.7, 'tournament_size': 14}",-17.606233596801758,-11.234798431396484,-8.180525779724121,-13.868311882019043,-8.271275520324707,-11.832229042053223,3.5737098920876473,2,9
13,1.0070401668548583,0.09804024300693293,0.017846298217773438,0.010318152172242507,rhh,2,0.7,6,"{'initializer': 'rhh', 'ms_lower': 2, 'p_xo': 0.7, 'tournament_size': 6}",-17.381595611572266,-11.761871337890625,-9.13037395477295,-14.904210090637207,-9.573486328125,-12.550307464599609,3.16421375852019,3,9
14,0.9890962600708008,0.0790527178430159,0.03748054504394531,0.030573428579535596,rhh,2,0.9,14,"{'initializer': 'rhh', 'ms_lower': 2, 'p_xo': 0.9, 'tournament_size': 14}",-17.297321319580078,-12.31672191619873,-8.800482749938965,-14.721732139587402,-10.267242431640625,-12.68070011138916,3.0493392068007124,5,9
15,0.9259713649749756,0.10501539674825458,0.22575206756591798,0.10387864861727115,rhh,2,0.9,6,"{'initializer': 'rhh', 'ms_lower': 2, 'p_xo': 0.9, 'tournament_size': 6}",-18.155733108520508,-15.523487091064453,-13.004467010498047,-18.807666778564453,-13.89595890045166,-15.877462577819824,2.2839602565552,14,9
0,1.103006076812744,0.0988107200339336,0.0037895679473876954,0.0017349489811257074,grow,1,0.7,14,"{'initializer': 'grow', 'ms_lower': 1, 'p_xo': 0.7, 'tournament_size': 14}",-17.352445602416992,-12.13093090057373,-13.518259048461914,-12.36645221710205,-12.407066345214844,-13.555030822753906,1.958586904073784,8,10
1,0.9808285236358643,0.047579190231821486,0.010436487197875977,0.002527398654873931,grow,1,0.7,6,"{'initializer': 'grow', 'ms_lower': 1, 'p_xo': 0.7, 'tournament_size': 6}",-17.926748275756836,-13.674885749816895,-14.669231414794922,-13.89895248413086,-13.984471321105957,-14.830857849121093,1.5831455963669725,10,10
2,1.0854149341583252,0.07750154603333423,0.05084462165832519,0.04609146354434765,grow,1,0.9,14,"{'initializer': 'grow', 'ms_lower': 1, 'p_xo': 0.9, 'tournament_size': 14}",-17.923852920532227,-14.578214645385742,-15.30312442779541,-14.936384201049805,-13.91443920135498,-15.331203079223632,1.3749701832398407,13,10
3,0.9746501445770264,0.032862168808133106,0.19184365272521972,0.09989793794185117,grow,1,0.9,6,"{'initializer': 'grow', 'ms_lower': 1, 'p_xo': 0.9, 'tournament_size': 6}",-19.256816864013672,-16.455711364746094,-17.06801986694336,-16.558048248291016,-16.696353912353516,-17.206990051269532,1.0456956602397178,16,10
4,1.1791118144989015,0.05113166681010214,0.0036448001861572265,0.0028123249658309544,grow,2,0.7,14,"{'initializer': 'grow', 'ms_lower': 2, 'p_xo': 0.7, 'tournament_size': 14}",-17.25153160095215,-9.895873069763184,-11.45836067199707,-9.8432035446167,-9.742431640625,-11.63828010559082,2.8772725589743655,2,10
5,1.045386505126953,0.07355279119486456,0.00982494354248047,0.0072104681869653055,grow,2,0.7,6,"{'initializer': 'grow', 'ms_lower': 2, 'p_xo': 0.7, 'tournament_size': 6}",-16.480304718017578,-11.04627799987793,-12.620080947875977,-11.487868309020996,-11.48619270324707,-12.62414493560791,1.9972835905600754,5,10
6,1.0378084659576416,0.09629882492848572,0.04626884460449219,0.04187792550949347,grow,2,0.9,14,"{'initializer': 'grow', 'ms_lower': 2, 'p_xo': 0.9, 'tournament_size': 14}",-16.761205673217773,-11.168444633483887,-13.232131004333496,-12.023298263549805,-12.146163940429688,-13.06624870300293,1.960417599665538,6,10
7,0.8611939907073974,0.051868357525936104,0.35092973709106445,0.09039903780295326,grow,2,0.9,6,"{'initializer': 'grow', 'ms_lower': 2, 'p_xo': 0.9, 'tournament_size': 6}",-18.020919799804688,-14.726859092712402,-14.864433288574219,-14.144427299499512,-14.24174690246582,-15.199677276611329,1.4371178140375256,12,10
8,1.1773964405059814,0.09945684920780734,0.0007401943206787109,0.0007654252920646,rhh,1,0.7,14,"{'initializer': 'rhh', 'ms_lower': 1, 'p_xo': 0.7, 'tournament_size': 14}",-17.389484405517578,-12.228126525878906,-13.277581214904785,-12.087106704711914,-12.115577697753906,-13.419575309753418,2.033507959744472,7,10
9,1.4057785511016845,0.30241514915413087,0.009391021728515626,0.011727037714007335,rhh,1,0.7,6,"{'initializer': 'rhh', 'ms_lower': 1, 'p_xo': 0.7, 'tournament_size': 6}",-17.80678367614746,-13.430998802185059,-14.334259033203125,-13.529447555541992,-13.608301162719727,-14.541958045959472,1.663330898263276,9,10
10,1.0798485279083252,0.07206825753037806,0.1934478759765625,0.10184231791020426,rhh,1,0.9,14,"{'initializer': 'rhh', 'ms_lower': 1, 'p_xo': 0.9, 'tournament_size': 14}",-18.046838760375977,-13.799631118774414,-14.789134979248047,-13.970466613769531,-14.054590225219727,-14.932132339477539,1.593692848613572,11,10
11,0.9459980964660645,0.07436670300104058,0.29775052070617675,0.40220965183889146,rhh,1,0.9,6,"{'initializer': 'rhh', 'ms_lower': 1, 'p_xo': 0.9, 'tournament_size': 6}",-18.998985290527344,-18.229257583618164,-16.204952239990234,-15.646523475646973,-15.764890670776367,-16.968921852111816,1.3778012803051976,15,10
12,1.106856107711792,0.124969208402775,0.008169031143188477,0.00484555848360826,rhh,2,0.7,14,"{'initializer': 'rhh', 'ms_lower': 2, 'p_xo': 0.7, 'tournament_size': 14}",-17.650165557861328,-9.355195999145508,-11.491585731506348,-9.79957389831543,-9.887405395507812,-11.636785316467286,3.092673618823095,1,10
13,1.0295505046844482,0.0590596969649372,0.020265579223632812,0.00898348865783677,rhh,2,0.7,6,"{'initializer': 'rhh', 'ms_lower': 2, 'p_xo': 0.7, 'tournament_size': 6}",-17.213035583496094,-10.370335578918457,-12.237792015075684,-11.001510620117188,-10.974029541015625,-12.35934066772461,2.5016817946978303,4,10
14,1.1807255744934082,0.11252492871076382,0.043103694915771484,0.022320757783187727,rhh,2,0.9,14,"{'initializer': 'rhh', 'ms_lower': 2, 'p_xo': 0.9, 'tournament_size': 14}",-17.142723083496094,-9.96907901763916,-12.290575981140137,-10.686412811279297,-11.6302490234375,-12.343807983398438,2.5269698292908136,3,10
15,1.0748703002929687,0.13013327221639667,0.24922213554382325,0.18695734868909358,rhh,2,0.9,6,"{'initializer': 'rhh', 'ms_lower': 2, 'p_xo': 0.9, 'tournament_size': 6}",-18.01297378540039,-14.943775177001953,-15.345441818237305,-15.207099914550781,-14.933013916015625,-15.68846092224121,1.1728586969287156,14,10
