,mean_fit_time,std_fit_time,mean_score_time,std_score_time,param_initializer,param_max_depth,param_p_xo,param_tournament_size,params,split0_test_score,split1_test_score,split2_test_score,split3_test_score,split4_test_score,mean_test_score,std_test_score,rank_test_score,outer_fold
0,0.21131305694580077,0.027503504413745435,0.0,0.0,grow,6,0.7,3,"{'initializer': 'grow', 'max_depth': 6, 'p_xo': 0.7, 'tournament_size': 3}",-3.866551160812378,-3.3101425170898438,-3.3309528827667236,-3.931351661682129,-4.7946600914001465,-3.846731662750244,0.5403845526450931,2,1
1,0.2608670711517334,0.04245576499163587,0.0,0.0,grow,6,0.7,5,"{'initializer': 'grow', 'max_depth': 6, 'p_xo': 0.7, 'tournament_size': 5}",-5.418943405151367,-6.33591890335083,-3.0962331295013428,-7.819306373596191,-19.0173397064209,-8.337548303604127,5.555585993740143,10,1
2,0.25379209518432616,0.04363843118432402,0.00040283203125,0.0004933820411830587,grow,6,0.7,7,"{'initializer': 'grow', 'max_depth': 6, 'p_xo': 0.7, 'tournament_size': 7}",-9.488015174865723,-9.033088684082031,-6.450866222381592,-12.723586082458496,-5.682573318481445,-8.675625896453857,2.4932571866368543,11,1
3,0.21429009437561036,0.04119634907388714,0.0,0.0,grow,6,0.9,3,"{'initializer': 'grow', 'max_depth': 6, 'p_xo': 0.9, 'tournament_size': 3}",-10.380783081054688,-5.283092021942139,-10.753292083740234,-3.931351661682129,-3.780439853668213,-6.825791740417481,3.1014543776656334,7,1
4,0.18091697692871095,0.010239012834221782,0.00019993782043457032,0.0003998756408691407,grow,6,0.9,5,"{'initializer': 'grow', 'max_depth': 6, 'p_xo': 0.9, 'tournament_size': 5}",-12.112724304199219,-8.749402046203613,-11.738709449768066,-12.001232147216797,-10.128046989440918,-10.946022987365723,1.3112771220259702,19,1
5,0.2640865325927734,0.018353154062279282,0.00019998550415039061,0.00039997100830078123,grow,6,0.9,7,"{'initializer': 'grow', 'max_depth': 6, 'p_xo': 0.9, 'tournament_size': 7}",-11.46292781829834,-11.011610984802246,-11.644832611083984,-12.676408767700195,-10.226676940917969,-11.404491424560547,0.8025651903309666,22,1
6,0.2330763816833496,0.020538548104093793,0.0,0.0,grow,10,0.7,3,"{'initializer': 'grow', 'max_depth': 10, 'p_xo': 0.7, 'tournament_size': 3}",-3.603174924850464,-3.3101425170898438,-3.1356375217437744,-3.931351661682129,-3.6193418502807617,-3.5199296951293944,0.27487150234992136,1,1
7,0.28561830520629883,0.07007154764132749,0.0004014492034912109,0.000491708928588146,grow,10,0.7,5,"{'initializer': 'grow', 'max_depth': 10, 'p_xo': 0.7, 'tournament_size': 5}",-3.2939794063568115,-4.70625638961792,-11.656684875488281,-7.3096184730529785,-27.881755828857422,-10.969658994674683,8.922255206450282,21,1
8,0.2391213893890381,0.04808779305409142,0.0,0.0,grow,10,0.7,7,"{'initializer': 'grow', 'max_depth': 10, 'p_xo': 0.7, 'tournament_size': 7}",-10.406438827514648,-9.033088684082031,-6.0399346351623535,-12.175957679748535,-6.127986431121826,-8.75668125152588,2.3991790703174063,12,1
9,0.22957825660705566,0.03667327553372085,0.0,0.0,grow,10,0.9,3,"{'initializer': 'grow', 'max_depth': 10, 'p_xo': 0.9, 'tournament_size': 3}",-10.380783081054688,-5.283092021942139,-10.753292083740234,-3.8953793048858643,-3.8471171855926514,-6.831932735443115,3.0952471754924353,8,1
10,0.21237831115722655,0.028980431868033802,0.00039401054382324217,0.0007880210876464842,grow,10,0.9,5,"{'initializer': 'grow', 'max_depth': 10, 'p_xo': 0.9, 'tournament_size': 5}",-12.112724304199219,-8.749402046203613,-11.738709449768066,-12.001232147216797,-10.128046989440918,-10.946022987365723,1.3112771220259702,19,1
11,0.3272736072540283,0.01282598836259207,0.0004021167755126953,0.0004924907412894617,grow,10,0.9,7,"{'initializer': 'grow', 'max_depth': 10, 'p_xo': 0.9, 'tournament_size': 7}",-11.299458503723145,-10.077743530273438,-11.234579086303711,-12.08834457397461,-9.703356742858887,-10.880696487426757,0.8706171083276059,18,1
12,0.22408194541931153,0.028067991217715173,0.0,0.0,rhh,6,0.7,3,"{'initializer': 'rhh', 'max_depth': 6, 'p_xo': 0.7, 'tournament_size': 3}",-10.988692283630371,-2.7348411083221436,-3.0385196208953857,-3.803654193878174,-25.684804916381836,-9.250102424621582,8.761487658701595,15,1
13,0.3055671215057373,0.0355242882134348,0.00020213127136230468,0.00040426254272460935,rhh,6,0.7,5,"{'initializer': 'rhh', 'max_depth': 6, 'p_xo': 0.7, 'tournament_size': 5}",-7.807149887084961,-5.202775001525879,-6.7101874351501465,-6.325912952423096,-5.53895902633667,-6.31699686050415,0.9189197559890118,6,1
14,0.22114295959472657,0.020067691462728545,0.00020160675048828126,0.0004032135009765625,rhh,6,0.7,7,"{'initializer': 'rhh', 'max_depth': 6, 'p_xo': 0.7, 'tournament_size': 7}",-10.532035827636719,-8.94993782043457,-8.59635066986084,-11.385176658630371,-6.264911651611328,-9.145682525634765,1.7650060484710615,13,1
15,0.2002288818359375,0.025147374216456058,0.0,0.0,rhh,6,0.9,3,"{'initializer': 'rhh', 'max_depth': 6, 'p_xo': 0.9, 'tournament_size': 3}",-2.987164258956909,-3.3101425170898438,-3.366755485534668,-10.272235870361328,-3.9293200969696045,-4.773123645782471,2.766227604661688,4,1
16,0.1824582576751709,0.012789704246209076,0.0004466056823730469,0.0005710951540219664,rhh,6,0.9,5,"{'initializer': 'rhh', 'max_depth': 6, 'p_xo': 0.9, 'tournament_size': 5}",-13.104622840881348,-12.049612045288086,-12.216031074523926,-13.397672653198242,-10.920516014099121,-12.337690925598144,0.8738330636857835,23,1
17,0.21018781661987304,0.033794250062850584,0.0,0.0,rhh,6,0.9,7,"{'initializer': 'rhh', 'max_depth': 6, 'p_xo': 0.9, 'tournament_size': 7}",-11.949175834655762,-9.170171737670898,-10.814413070678711,-11.377028465270996,-9.471149444580078,-10.55638771057129,1.0751022194023414,17,1
18,0.24835753440856934,0.03203879237211428,0.00039925575256347654,0.0004890015530709362,rhh,10,0.7,3,"{'initializer': 'rhh', 'max_depth': 10, 'p_xo': 0.7, 'tournament_size': 3}",-2.987164258956909,-5.8361005783081055,-3.366755485534668,-3.735997200012207,-25.684804916381836,-8.322164487838744,8.737196720085516,9,1
19,0.34021859169006347,0.06346030116091896,0.00029201507568359374,0.0005840301513671875,rhh,10,0.7,5,"{'initializer': 'rhh', 'max_depth': 10, 'p_xo': 0.7, 'tournament_size': 5}",-7.807149887084961,-4.345328330993652,-6.368973731994629,-6.332873821258545,-5.339555263519287,-6.038776206970215,1.155797985912317,5,1
20,0.23671374320983887,0.06150058133357892,0.0005028724670410156,0.0004485820165243421,rhh,10,0.7,7,"{'initializer': 'rhh', 'max_depth': 10, 'p_xo': 0.7, 'tournament_size': 7}",-10.532035827636719,-5.242466926574707,-8.59635066986084,-11.385176658630371,-9.98832893371582,-9.148871803283692,2.153330864581639,14,1
21,0.2094285488128662,0.04139440142213381,0.000545501708984375,0.0005379969413589358,rhh,10,0.9,3,"{'initializer': 'rhh', 'max_depth': 10, 'p_xo': 0.9, 'tournament_size': 3}",-3.8175554275512695,-2.6506588459014893,-3.366755485534668,-10.272235870361328,-3.06187105178833,-4.633815336227417,2.844905113426282,3,1
22,0.15035476684570312,0.01811569070036956,0.00019969940185546876,0.0003993988037109375,rhh,10,0.9,5,"{'initializer': 'rhh', 'max_depth': 10, 'p_xo': 0.9, 'tournament_size': 5}",-13.104622840881348,-12.049612045288086,-12.216031074523926,-13.397672653198242,-10.920516014099121,-12.337690925598144,0.8738330636857835,23,1
23,0.19570460319519042,0.025025381692762746,0.0,0.0,rhh,10,0.9,7,"{'initializer': 'rhh', 'max_depth': 10, 'p_xo': 0.9, 'tournament_size': 7}",-11.949175834655762,-8.995269775390625,-10.814413070678711,-11.377028465270996,-9.471149444580078,-10.521407318115234,1.1214811862493161,16,1
0,0.18792724609375,0.008248268981603343,0.0,0.0,grow,6,0.7,3,"{'initializer': 'grow', 'max_depth': 6, 'p_xo': 0.7, 'tournament_size': 3}",-14.302993774414062,-11.292440414428711,-10.822016716003418,-12.219184875488281,-26.811792373657227,-15.08968563079834,5.98161373466498,24,2
1,0.22411623001098632,0.03476264938865991,0.0005056381225585938,0.0006215999593709499,grow,6,0.7,5,"{'initializer': 'grow', 'max_depth': 6, 'p_xo': 0.7, 'tournament_size': 5}",-10.892183303833008,-4.152653694152832,-6.537714004516602,-12.035820960998535,-28.480510711669922,-12.41977653503418,8.524929617709942,15,2
2,0.21823854446411134,0.023040466381276853,0.00021848678588867187,0.00043697357177734374,grow,6,0.7,7,"{'initializer': 'grow', 'max_depth': 6, 'p_xo': 0.7, 'tournament_size': 7}",-13.972390174865723,-10.243301391601562,-4.635466575622559,-10.942338943481445,-28.660877227783203,-13.6908748626709,8.069954813567515,23,2
3,0.2384084701538086,0.04326569072072315,0.0,0.0,grow,6,0.9,3,"{'initializer': 'grow', 'max_depth': 6, 'p_xo': 0.9, 'tournament_size': 3}",-15.795180320739746,-12.992321014404297,-3.1524884700775146,-4.17981481552124,-3.2551941871643066,-7.874999761581421,5.4076861063425135,4,2
4,0.17078104019165039,0.013770738413403639,0.0,0.0,grow,6,0.9,5,"{'initializer': 'grow', 'max_depth': 6, 'p_xo': 0.9, 'tournament_size': 5}",-16.68163299560547,-12.992321014404297,-9.872241020202637,-13.40280532836914,-9.608386039733887,-12.511477279663087,2.60036081586619,16,2
5,0.28183755874633787,0.07807408122367489,0.00039854049682617185,0.00048811192016503824,grow,6,0.9,7,"{'initializer': 'grow', 'max_depth': 6, 'p_xo': 0.9, 'tournament_size': 7}",-15.199601173400879,-11.16314697265625,-9.664295196533203,-13.96236515045166,-10.157145500183105,-12.02931079864502,2.1742116577627417,14,2
6,0.21660842895507812,0.014550755391868245,0.00020036697387695312,0.00040073394775390624,grow,10,0.7,3,"{'initializer': 'grow', 'max_depth': 10, 'p_xo': 0.7, 'tournament_size': 3}",-13.250149726867676,-11.292440414428711,-8.323472023010254,-10.238805770874023,-7.561469078063965,-10.133267402648926,2.047402343455385,8,2
7,0.2670628070831299,0.05642679369966453,0.00026431083679199217,0.00038758119721396257,grow,10,0.7,5,"{'initializer': 'grow', 'max_depth': 10, 'p_xo': 0.7, 'tournament_size': 5}",-8.97865104675293,-2.9038164615631104,-6.537714004516602,-12.219184875488281,-27.599061965942383,-11.647685670852661,8.537725950778837,11,2
8,0.23334159851074218,0.01661194731615103,0.00019989013671875,0.0003997802734375,grow,10,0.7,7,"{'initializer': 'grow', 'max_depth': 10, 'p_xo': 0.7, 'tournament_size': 7}",-14.131160736083984,-10.243301391601562,-4.635466575622559,-10.942338943481445,-28.46192741394043,-13.682839012145996,7.997726602364755,22,2
9,0.21472463607788086,0.03635878820278934,0.0,0.0,grow,10,0.9,3,"{'initializer': 'grow', 'max_depth': 10, 'p_xo': 0.9, 'tournament_size': 3}",-15.795180320739746,-12.992321014404297,-3.1524884700775146,-4.3056230545043945,-3.2551941871643066,-7.900161409378052,5.390700100589613,5,2
10,0.1896993637084961,0.008510977273976563,0.0,0.0,grow,10,0.9,5,"{'initializer': 'grow', 'max_depth': 10, 'p_xo': 0.9, 'tournament_size': 5}",-16.68163299560547,-12.992321014404297,-9.872241020202637,-13.40280532836914,-9.608386039733887,-12.511477279663087,2.60036081586619,16,2
11,0.3330374717712402,0.01842693779493461,0.00020008087158203126,0.0004001617431640625,grow,10,0.9,7,"{'initializer': 'grow', 'max_depth': 10, 'p_xo': 0.9, 'tournament_size': 7}",-14.714459419250488,-11.135808944702148,-9.204435348510742,-13.382190704345703,-9.559778213500977,-11.599334526062012,2.1444238032592886,10,2
12,0.24972157478332518,0.006083819435207359,0.00023102760314941406,0.0004620552062988281,rhh,6,0.7,3,"{'initializer': 'rhh', 'max_depth': 6, 'p_xo': 0.7, 'tournament_size': 3}",-10.950401306152344,-8.180611610412598,-8.982023239135742,-13.305387496948242,-26.113046646118164,-13.506294059753419,6.5472907679163335,21,2
13,0.29665393829345704,0.08804552223408775,0.0006090641021728515,0.0004975736135135769,rhh,6,0.7,5,"{'initializer': 'rhh', 'max_depth': 6, 'p_xo': 0.7, 'tournament_size': 5}",-15.795180320739746,-4.286255836486816,-6.7020792961120605,-11.941957473754883,-4.133783340454102,-8.571851253509521,4.58460294466593,6,2
14,0.2601876735687256,0.05098378735576697,0.00019993782043457032,0.0003998756408691407,rhh,6,0.7,7,"{'initializer': 'rhh', 'max_depth': 6, 'p_xo': 0.7, 'tournament_size': 7}",-3.598896026611328,-10.482184410095215,-6.304575443267822,-15.25627613067627,-27.399085998535156,-12.608203601837157,8.3809999253207,18,2
15,0.18494791984558107,0.03344574319554345,0.00023517608642578124,0.0004703521728515625,rhh,6,0.9,3,"{'initializer': 'rhh', 'max_depth': 6, 'p_xo': 0.9, 'tournament_size': 3}",-2.9969897270202637,-11.256730079650879,-3.1524884700775146,-4.911571979522705,-3.852227210998535,-5.234001493453979,3.0862092829797283,1,2
16,0.16225762367248536,0.022199912276643034,0.00020008087158203126,0.0004001617431640626,rhh,6,0.9,5,"{'initializer': 'rhh', 'max_depth': 6, 'p_xo': 0.9, 'tournament_size': 5}",-17.037273406982422,-11.135795593261719,-10.311087608337402,-14.857370376586914,-10.917362213134766,-12.851777839660645,2.6337213332427467,19,2
17,0.19193496704101562,0.015682048569178927,0.0,0.0,rhh,6,0.9,7,"{'initializer': 'rhh', 'max_depth': 6, 'p_xo': 0.9, 'tournament_size': 7}",-14.789587020874023,-11.292440414428711,-10.004925727844238,-12.564510345458984,-9.813811302185059,-11.693054962158204,1.837921344175858,12,2
18,0.2019956111907959,0.018596006483196623,0.0002433300018310547,0.0004866600036621094,rhh,10,0.7,3,"{'initializer': 'rhh', 'max_depth': 10, 'p_xo': 0.7, 'tournament_size': 3}",-14.695283889770508,-7.9979376792907715,-8.982023239135742,-13.305387496948242,-3.4015285968780518,-9.676432180404664,4.025721096166829,7,2
19,0.2799867630004883,0.06825114266397092,0.00045642852783203127,0.0005654633831493509,rhh,10,0.7,5,"{'initializer': 'rhh', 'max_depth': 10, 'p_xo': 0.7, 'tournament_size': 5}",-15.795180320739746,-3.410931348800659,-5.129711151123047,-11.075234413146973,-3.8430724143981934,-7.850825929641724,4.830916983879158,3,2
20,0.24283242225646973,0.045955582774048466,0.00025286674499511717,0.0005057334899902343,rhh,10,0.7,7,"{'initializer': 'rhh', 'max_depth': 10, 'p_xo': 0.7, 'tournament_size': 7}",-3.598896026611328,-5.052330493927002,-6.304575443267822,-13.351232528686523,-27.399085998535156,-11.141224098205566,8.792686951189372,9,2
21,0.2161087989807129,0.03611627363097651,0.00024228096008300782,0.00029703228810192515,rhh,10,0.9,3,"{'initializer': 'rhh', 'max_depth': 10, 'p_xo': 0.9, 'tournament_size': 3}",-2.9969897270202637,-11.256730079650879,-5.294279098510742,-5.29580020904541,-4.394443988800049,-5.847648620605469,2.8322067917929536,2,2
22,0.198921537399292,0.041490441845448665,0.0,0.0,rhh,10,0.9,5,"{'initializer': 'rhh', 'max_depth': 10, 'p_xo': 0.9, 'tournament_size': 5}",-17.037273406982422,-11.528883934020996,-10.311087608337402,-14.857370376586914,-10.917362213134766,-12.9303955078125,2.586773659707544,20,2
23,0.23032011985778808,0.03610552651809322,0.0001574993133544922,0.0003149986267089844,rhh,10,0.9,7,"{'initializer': 'rhh', 'max_depth': 10, 'p_xo': 0.9, 'tournament_size': 7}",-14.789587020874023,-11.292440414428711,-10.004925727844238,-12.564510345458984,-9.813811302185059,-11.693054962158204,1.837921344175858,12,2
0,0.22909235954284668,0.02047392050629251,0.00020055770874023439,0.00040111541748046877,grow,6,0.7,3,"{'initializer': 'grow', 'max_depth': 6, 'p_xo': 0.7, 'tournament_size': 3}",-16.041839599609375,-3.3210721015930176,-10.605217933654785,-3.867753505706787,-10.812277793884277,-8.929632186889648,4.7752277091514745,10,3
1,0.2669105529785156,0.040120172832403336,0.00043358802795410154,0.0005337790972055421,grow,6,0.7,5,"{'initializer': 'grow', 'max_depth': 6, 'p_xo': 0.7, 'tournament_size': 5}",-18.217565536499023,-10.7218599319458,-4.109501838684082,-15.379514694213867,-3.673833131790161,-10.420455026626588,5.845050677951261,12,3
2,0.23395447731018065,0.05126672662871181,0.0004009246826171875,0.000801849365234375,grow,6,0.7,7,"{'initializer': 'grow', 'max_depth': 6, 'p_xo': 0.7, 'tournament_size': 7}",-14.236604690551758,-10.44739818572998,-9.965130805969238,-11.3040132522583,-9.447846412658691,-11.080198669433594,1.692417124714862,13,3
3,0.23512520790100097,0.049139138748386615,0.00036497116088867186,0.00045055894701088523,grow,6,0.9,3,"{'initializer': 'grow', 'max_depth': 6, 'p_xo': 0.9, 'tournament_size': 3}",-8.61082649230957,-8.47934627532959,-8.59482192993164,-3.867753505706787,-3.493340492248535,-6.609217739105224,2.3946089244807585,5,3
4,0.1823880195617676,0.010034277582394405,0.000827169418334961,0.0007921288221548477,grow,6,0.9,5,"{'initializer': 'grow', 'max_depth': 6, 'p_xo': 0.9, 'tournament_size': 5}",-18.008718490600586,-10.06976318359375,-11.001286506652832,-13.02318286895752,-8.930745124816895,-12.206739234924317,3.196293598040304,18,3
5,0.2696866989135742,0.019015370341773148,0.0,0.0,grow,6,0.9,7,"{'initializer': 'grow', 'max_depth': 6, 'p_xo': 0.9, 'tournament_size': 7}",-16.658048629760742,-11.032120704650879,-11.22896957397461,-13.88718032836914,-9.45634651184082,-12.452533149719239,2.5391489395886992,20,3
6,0.229010009765625,0.043134839509354234,0.0,0.0,grow,10,0.7,3,"{'initializer': 'grow', 'max_depth': 10, 'p_xo': 0.7, 'tournament_size': 3}",-16.041839599609375,-2.844759702682495,-9.586584091186523,-3.867753505706787,-3.493340492248535,-7.1668554782867435,5.0533103562998996,6,3
7,0.2668440818786621,0.051187272881258725,0.00020008087158203126,0.0004001617431640626,grow,10,0.7,5,"{'initializer': 'grow', 'max_depth': 10, 'p_xo': 0.7, 'tournament_size': 5}",-18.217565536499023,-10.976651191711426,-4.436950206756592,-13.054377555847168,-3.624932289123535,-10.062095355987548,5.4659159397996575,11,3
8,0.27130422592163084,0.02728326278119692,0.00041561126708984376,0.0005094616075841112,grow,10,0.7,7,"{'initializer': 'grow', 'max_depth': 10, 'p_xo': 0.7, 'tournament_size': 7}",-16.57895278930664,-8.574236869812012,-9.965130805969238,-11.3040132522583,-9.447846412658691,-11.174036026000977,2.8435948151014676,14,3
9,0.21614623069763184,0.051187673859269346,0.003400754928588867,0.006311508772751759,grow,10,0.9,3,"{'initializer': 'grow', 'max_depth': 10, 'p_xo': 0.9, 'tournament_size': 3}",-8.61082649230957,-8.47934627532959,-8.59482192993164,-3.867753505706787,-13.589275360107422,-8.628404712677002,3.07563628245722,9,3
10,0.18986086845397948,0.04072515828508003,0.0,0.0,grow,10,0.9,5,"{'initializer': 'grow', 'max_depth': 10, 'p_xo': 0.9, 'tournament_size': 5}",-18.008718490600586,-10.06976318359375,-11.001286506652832,-13.02318286895752,-8.930745124816895,-12.206739234924317,3.196293598040304,18,3
11,0.34885249137878416,0.021639848306310192,0.0,0.0,grow,10,0.9,7,"{'initializer': 'grow', 'max_depth': 10, 'p_xo': 0.9, 'tournament_size': 7}",-16.57253074645996,-10.284215927124023,-10.637093544006348,-13.323222160339355,-8.914219856262207,-11.94625644683838,2.719116788716996,17,3
12,0.22793684005737305,0.03405167576074644,0.0,0.0,rhh,6,0.7,3,"{'initializer': 'rhh', 'max_depth': 6, 'p_xo': 0.7, 'tournament_size': 3}",-15.670584678649902,-2.686284303665161,-3.348789930343628,-7.734660625457764,-3.280153751373291,-6.544094657897949,4.908283828273143,4,3
13,0.23331403732299805,0.05059847170033009,0.0,0.0,rhh,6,0.7,5,"{'initializer': 'rhh', 'max_depth': 6, 'p_xo': 0.7, 'tournament_size': 5}",-9.001575469970703,-5.951891899108887,-6.427848815917969,-15.31650447845459,-5.067895412445068,-8.353143215179443,3.719529110090785,7,3
14,0.23435535430908203,0.027132458724404722,0.00020008087158203126,0.0004001617431640626,rhh,6,0.7,7,"{'initializer': 'rhh', 'max_depth': 6, 'p_xo': 0.7, 'tournament_size': 7}",-16.40907859802246,-11.61721420288086,-5.078008651733398,-13.084734916687012,-27.523157119750977,-14.742438697814942,7.376186955644283,24,3
15,0.24588556289672853,0.053121655250839415,0.00019974708557128905,0.0003994941711425781,rhh,6,0.9,3,"{'initializer': 'rhh', 'max_depth': 6, 'p_xo': 0.9, 'tournament_size': 3}",-2.8065896034240723,-3.3210721015930176,-4.15257453918457,-6.737267971038818,-6.506549835205078,-4.7048108100891115,1.6248130407802275,1,3
16,0.22122316360473632,0.11047812434563155,0.0,0.0,rhh,6,0.9,5,"{'initializer': 'rhh', 'max_depth': 6, 'p_xo': 0.9, 'tournament_size': 5}",-15.361109733581543,-11.911892890930176,-11.969740867614746,-14.575399398803711,-10.179617881774902,-12.799552154541015,1.9003048176276485,21,3
17,0.2561838626861572,0.046388320023936724,0.0,0.0,rhh,6,0.9,7,"{'initializer': 'rhh', 'max_depth': 6, 'p_xo': 0.9, 'tournament_size': 7}",-16.941448211669922,-9.569519996643066,-10.031201362609863,-12.551913261413574,-8.930745124816895,-11.604965591430664,2.9375494674001272,15,3
18,0.2409510135650635,0.03232034746042219,6.442070007324218e-05,0.00012884140014648437,rhh,10,0.7,3,"{'initializer': 'rhh', 'max_depth': 10, 'p_xo': 0.7, 'tournament_size': 3}",-4.044032573699951,-2.771068572998047,-3.348789930343628,-10.481054306030273,-3.280153751373291,-4.785019826889038,2.8767081454667096,2,3
19,0.29789066314697266,0.11389877467735131,0.0,0.0,rhh,10,0.7,5,"{'initializer': 'rhh', 'max_depth': 10, 'p_xo': 0.7, 'tournament_size': 5}",-9.001575469970703,-5.56770133972168,-8.112504959106445,-14.905210494995117,-5.067895412445068,-8.530977535247803,3.515718166705759,8,3
20,0.2452404022216797,0.04497909693011858,0.0,0.0,rhh,10,0.7,7,"{'initializer': 'rhh', 'max_depth': 10, 'p_xo': 0.7, 'tournament_size': 7}",-16.494918823242188,-8.143115043640137,-3.348789930343628,-13.03984260559082,-27.523157119750977,-13.709964704513549,8.214049861291597,23,3
21,0.24577465057373046,0.02762113237093537,0.00039997100830078123,0.0004898625339533384,rhh,10,0.9,3,"{'initializer': 'rhh', 'max_depth': 10, 'p_xo': 0.9, 'tournament_size': 3}",-5.345963001251221,-3.3210721015930176,-4.15257453918457,-6.737267971038818,-5.1528401374816895,-4.941943550109864,1.155960773718192,3,3
22,0.19725532531738282,0.030078949407162145,0.0005489826202392578,0.00048626883624847627,rhh,10,0.9,5,"{'initializer': 'rhh', 'max_depth': 10, 'p_xo': 0.9, 'tournament_size': 5}",-15.361109733581543,-11.911892890930176,-11.969740867614746,-14.575399398803711,-10.179617881774902,-12.799552154541015,1.9003048176276485,21,3
23,0.2538458824157715,0.024025519640716402,0.0004848480224609375,0.00060885771091135,rhh,10,0.9,7,"{'initializer': 'rhh', 'max_depth': 10, 'p_xo': 0.9, 'tournament_size': 7}",-16.941448211669922,-9.569519996643066,-10.031201362609863,-12.551913261413574,-8.930745124816895,-11.604965591430664,2.9375494674001272,15,3
0,0.21807565689086914,0.011847129466970968,0.00020060539245605468,0.00040121078491210936,grow,6,0.7,3,"{'initializer': 'grow', 'max_depth': 6, 'p_xo': 0.7, 'tournament_size': 3}",-16.026260375976562,-9.461854934692383,-3.251574754714966,-13.079944610595703,-11.593829154968262,-10.682692766189575,4.285852555469145,12,4
1,0.23460311889648439,0.028351878054455364,0.0,0.0,grow,6,0.7,5,"{'initializer': 'grow', 'max_depth': 6, 'p_xo': 0.7, 'tournament_size': 5}",-4.85190486907959,-11.40816593170166,-9.113240242004395,-10.28113079071045,-27.3612060546875,-12.603129577636718,7.705598611938982,17,4
2,0.23137660026550294,0.03021929341204971,0.0002642154693603516,0.00038823179507666743,grow,6,0.7,7,"{'initializer': 'grow', 'max_depth': 6, 'p_xo': 0.7, 'tournament_size': 7}",-5.717995643615723,-6.7738037109375,-8.979345321655273,-15.205827713012695,-8.575851440429688,-9.050564765930176,3.298707163569165,7,4
3,0.22018790245056152,0.04896723991744376,0.0,0.0,grow,6,0.9,3,"{'initializer': 'grow', 'max_depth': 6, 'p_xo': 0.9, 'tournament_size': 3}",-17.18642234802246,-11.04112434387207,-3.3946781158447266,-4.31921911239624,-13.582708358764648,-9.90483045578003,5.318282950784987,11,4
4,0.17637872695922852,0.013042088772357593,0.0,0.0,grow,6,0.9,5,"{'initializer': 'grow', 'max_depth': 6, 'p_xo': 0.9, 'tournament_size': 5}",-18.904157638549805,-9.03999137878418,-11.28290843963623,-15.076404571533203,-9.4474515914917,-12.750182723999023,3.7445737250095164,18,4
5,0.2795563220977783,0.013445550856783211,0.00040044784545898435,0.000490446653608139,grow,6,0.9,7,"{'initializer': 'grow', 'max_depth': 6, 'p_xo': 0.9, 'tournament_size': 7}",-16.76225471496582,-9.986404418945312,-11.18351936340332,-14.19842529296875,-9.895171165466309,-12.405154991149903,2.6774205168921554,16,4
6,0.23421664237976075,0.00958253871932318,0.00020003318786621094,0.0004000663757324219,grow,10,0.7,3,"{'initializer': 'grow', 'max_depth': 10, 'p_xo': 0.7, 'tournament_size': 3}",-16.026260375976562,-8.915356636047363,-3.251574754714966,-14.732071876525879,-3.3195126056671143,-9.248955249786377,5.426501333705955,10,4
7,0.2720318794250488,0.06497428336011342,0.0002067089080810547,0.0004134178161621094,grow,10,0.7,5,"{'initializer': 'grow', 'max_depth': 10, 'p_xo': 0.7, 'tournament_size': 5}",-4.341760635375977,-11.40816593170166,-10.150246620178223,-10.673746109008789,-27.3612060546875,-12.78702507019043,7.707775863747383,20,4
8,0.2271740436553955,0.032983767087382765,0.00024657249450683595,0.0004931449890136719,grow,10,0.7,7,"{'initializer': 'grow', 'max_depth': 10, 'p_xo': 0.7, 'tournament_size': 7}",-5.717995643615723,-6.7738037109375,-8.979345321655273,-15.205827713012695,-8.575851440429688,-9.050564765930176,3.298707163569165,7,4
9,0.23273873329162598,0.04673273778916963,0.00040035247802734376,0.000490329852885035,grow,10,0.9,3,"{'initializer': 'grow', 'max_depth': 10, 'p_xo': 0.9, 'tournament_size': 3}",-17.18642234802246,-11.04112434387207,-3.2331507205963135,-4.277860164642334,-3.4804978370666504,-7.843811082839966,5.4867093006498315,3,4
10,0.20343899726867676,0.0267376437117148,0.00020017623901367188,0.00040035247802734376,grow,10,0.9,5,"{'initializer': 'grow', 'max_depth': 10, 'p_xo': 0.9, 'tournament_size': 5}",-18.904157638549805,-9.03999137878418,-11.28290843963623,-15.076404571533203,-9.4474515914917,-12.750182723999023,3.7445737250095164,18,4
11,0.33428201675415037,0.03659095838795677,0.00019831657409667968,0.00039663314819335935,grow,10,0.9,7,"{'initializer': 'grow', 'max_depth': 10, 'p_xo': 0.9, 'tournament_size': 7}",-16.756135940551758,-8.520349502563477,-10.654674530029297,-13.421457290649414,-9.330097198486328,-11.736542892456054,3.011330963230847,15,4
12,0.24231810569763185,0.02254748406333425,0.0003131866455078125,0.00045370354248575604,rhh,6,0.7,3,"{'initializer': 'rhh', 'max_depth': 6, 'p_xo': 0.7, 'tournament_size': 3}",-3.4021952152252197,-9.748151779174805,-11.696915626525879,-13.848365783691406,-3.4804978370666504,-8.435225248336792,4.278906535278462,5,4
13,0.27959303855895995,0.1112708860999676,0.0002032756805419922,0.0004065513610839844,rhh,6,0.7,5,"{'initializer': 'rhh', 'max_depth': 6, 'p_xo': 0.7, 'tournament_size': 5}",-18.49445915222168,-6.577208042144775,-6.92519998550415,-9.045578002929688,-4.293349266052246,-9.067158889770507,4.948768684587145,9,4
14,0.27194814682006835,0.03707825494905199,0.0,0.0,rhh,6,0.7,7,"{'initializer': 'rhh', 'max_depth': 6, 'p_xo': 0.7, 'tournament_size': 7}",-16.026260375976562,-14.314431190490723,-5.494847297668457,-13.283869743347168,-28.20496368408203,-15.464874458312988,7.322660315654111,24,4
15,0.23199930191040039,0.030215963417936136,0.0,0.0,rhh,6,0.9,3,"{'initializer': 'rhh', 'max_depth': 6, 'p_xo': 0.9, 'tournament_size': 3}",-3.19690203666687,-12.904202461242676,-5.223689079284668,-4.964343547821045,-6.4928059577941895,-6.55638861656189,3.3435199715052617,1,4
16,0.1865535259246826,0.03484811644741538,0.0,0.0,rhh,6,0.9,5,"{'initializer': 'rhh', 'max_depth': 6, 'p_xo': 0.9, 'tournament_size': 5}",-19.068897247314453,-10.8633451461792,-11.868574142456055,-15.076404571533203,-10.631136894226074,-13.501671600341798,3.204419717189662,21,4
17,0.18854074478149413,0.017158338491900106,0.0,0.0,rhh,6,0.9,7,"{'initializer': 'rhh', 'max_depth': 6, 'p_xo': 0.9, 'tournament_size': 7}",-16.739952087402344,-8.768342971801758,-11.548880577087402,-11.994075775146484,-9.4474515914917,-11.699740600585937,2.7992506715918757,13,4
18,0.2562713146209717,0.03704353320763273,0.0004668235778808594,0.0005729713071553808,rhh,10,0.7,3,"{'initializer': 'rhh', 'max_depth': 10, 'p_xo': 0.7, 'tournament_size': 3}",-2.981776475906372,-8.294672012329102,-9.776816368103027,-13.451830863952637,-5.865431785583496,-8.074105501174927,3.5405609285308866,4,4
19,0.325837230682373,0.09238672055306163,0.00020012855529785156,0.0004002571105957031,rhh,10,0.7,5,"{'initializer': 'rhh', 'max_depth': 10, 'p_xo': 0.7, 'tournament_size': 5}",-18.49445915222168,-6.540762901306152,-7.035414218902588,-9.045578002929688,-3.195094108581543,-8.86226167678833,5.170229192719762,6,4
20,0.26880779266357424,0.05714079002903364,0.00020031929016113282,0.00040063858032226565,rhh,10,0.7,7,"{'initializer': 'rhh', 'max_depth': 10, 'p_xo': 0.7, 'tournament_size': 7}",-16.026260375976562,-14.314431190490723,-3.5041191577911377,-12.830000877380371,-28.20496368408203,-14.975955057144166,7.90892612917641,23,4
21,0.21508445739746093,0.02990267042018719,0.00019993782043457032,0.00039987564086914064,rhh,10,0.9,3,"{'initializer': 'rhh', 'max_depth': 10, 'p_xo': 0.9, 'tournament_size': 3}",-2.981776475906372,-12.904200553894043,-5.223689079284668,-6.954919815063477,-5.109065055847168,-6.634730195999145,3.378506829791905,2,4
22,0.18940458297729493,0.030580584188004578,0.00013189315795898439,0.00026378631591796877,rhh,10,0.9,5,"{'initializer': 'rhh', 'max_depth': 10, 'p_xo': 0.9, 'tournament_size': 5}",-19.068897247314453,-10.8633451461792,-11.868574142456055,-15.076404571533203,-10.631136894226074,-13.501671600341798,3.204419717189662,21,4
23,0.20641355514526366,0.03941521941059037,0.00029315948486328123,0.00039761971021764174,rhh,10,0.9,7,"{'initializer': 'rhh', 'max_depth': 10, 'p_xo': 0.9, 'tournament_size': 7}",-16.739952087402344,-8.921209335327148,-11.548880577087402,-11.994075775146484,-9.4474515914917,-11.730313873291015,2.767724405391456,14,4
0,0.202034854888916,0.012342454803319584,0.0002017498016357422,0.0004034996032714844,grow,6,0.7,3,"{'initializer': 'grow', 'max_depth': 6, 'p_xo': 0.7, 'tournament_size': 3}",-5.223875999450684,-12.535051345825195,-3.097888946533203,-12.869702339172363,-11.703503608703613,-9.086004447937011,4.094805477757028,11,5
1,0.25148377418518064,0.02465022365981334,0.0,0.0,grow,6,0.7,5,"{'initializer': 'grow', 'max_depth': 6, 'p_xo': 0.7, 'tournament_size': 5}",-5.527458190917969,-9.976947784423828,-8.937812805175781,-11.869161605834961,-27.61444091796875,-12.785164260864258,7.695570121009097,15,5
2,0.27831015586853025,0.018974166250992852,0.0003880500793457031,0.0004756359610964984,grow,6,0.7,7,"{'initializer': 'grow', 'max_depth': 6, 'p_xo': 0.7, 'tournament_size': 7}",-19.19432830810547,-13.219481468200684,-8.387276649475098,-10.025764465332031,-13.7692232131958,-12.919214820861816,3.717532572917605,18,5
3,0.21069025993347168,0.03454854852711667,0.0,0.0,grow,6,0.9,3,"{'initializer': 'grow', 'max_depth': 6, 'p_xo': 0.9, 'tournament_size': 3}",-17.362337112426758,-8.965327262878418,-10.054966926574707,-4.130966663360596,-3.047889471054077,-8.712297487258912,5.094390662280288,8,5
4,0.22919049263000488,0.06148566849492153,0.0001987457275390625,0.00039749145507812507,grow,6,0.9,5,"{'initializer': 'grow', 'max_depth': 6, 'p_xo': 0.9, 'tournament_size': 5}",-18.968280792236328,-12.653894424438477,-10.113947868347168,-12.352956771850586,-11.434027671813965,-13.104621505737304,3.062210559888213,21,5
5,0.3406081676483154,0.053753009908012996,0.00020036697387695312,0.00040073394775390624,grow,6,0.9,7,"{'initializer': 'grow', 'max_depth': 6, 'p_xo': 0.9, 'tournament_size': 7}",-16.989776611328125,-12.999628067016602,-10.146121978759766,-12.782296180725098,-11.795430183410645,-12.942650604248048,2.260304224512823,20,5
6,0.2444690704345703,0.013270938817753947,0.0,0.0,grow,10,0.7,3,"{'initializer': 'grow', 'max_depth': 10, 'p_xo': 0.7, 'tournament_size': 3}",-5.223875999450684,-12.414234161376953,-3.097888946533203,-12.869702339172363,-11.703503608703613,-9.061841011047363,4.074688421622581,10,5
7,0.29355316162109374,0.0682112317878259,0.00019998550415039061,0.0003999710083007812,grow,10,0.7,5,"{'initializer': 'grow', 'max_depth': 10, 'p_xo': 0.7, 'tournament_size': 5}",-5.527458190917969,-10.477828025817871,-8.937812805175781,-12.050716400146484,-27.61444091796875,-12.921651268005371,7.657074211999605,19,5
8,0.25325536727905273,0.04883214384263085,0.00020008087158203126,0.0004001617431640626,grow,10,0.7,7,"{'initializer': 'grow', 'max_depth': 10, 'p_xo': 0.7, 'tournament_size': 7}",-18.695261001586914,-12.754278182983398,-8.387276649475098,-10.025764465332031,-11.363297462463379,-12.245175552368163,3.5341099664379247,13,5
9,0.2448035717010498,0.03364528762018598,0.00020017623901367188,0.00040035247802734376,grow,10,0.9,3,"{'initializer': 'grow', 'max_depth': 10, 'p_xo': 0.9, 'tournament_size': 3}",-17.362337112426758,-8.965327262878418,-10.054966926574707,-4.130966663360596,-3.234246015548706,-8.749568796157837,5.053328904790752,9,5
10,0.21914596557617189,0.02610934968850489,0.00020017623901367188,0.00040035247802734376,grow,10,0.9,5,"{'initializer': 'grow', 'max_depth': 10, 'p_xo': 0.9, 'tournament_size': 5}",-18.968280792236328,-12.653894424438477,-10.113947868347168,-12.352956771850586,-11.434027671813965,-13.104621505737304,3.062210559888213,21,5
11,0.4237052917480469,0.02387875217903104,0.0004001617431640625,0.00049009613545469,grow,10,0.9,7,"{'initializer': 'grow', 'max_depth': 10, 'p_xo': 0.9, 'tournament_size': 7}",-16.960243225097656,-12.384902000427246,-9.562966346740723,-12.200847625732422,-11.234525680541992,-12.468696975708008,2.458422333794633,14,5
12,0.23147320747375488,0.0336049388446638,0.00019960403442382814,0.00039920806884765627,rhh,6,0.7,3,"{'initializer': 'rhh', 'max_depth': 6, 'p_xo': 0.7, 'tournament_size': 3}",-9.957989692687988,-7.255657196044922,-10.848642349243164,-4.006637096405029,-9.192692756652832,-8.252323818206786,2.4311996966840077,7,5
13,0.32993760108947756,0.08131944730800603,0.00040001869201660155,0.0004899233998685721,rhh,6,0.7,5,"{'initializer': 'rhh', 'max_depth': 6, 'p_xo': 0.7, 'tournament_size': 5}",-10.550736427307129,-4.013041973114014,-8.578309059143066,-6.840774059295654,-5.681357383728027,-7.132843780517578,2.2670086376671903,6,5
14,0.2723440647125244,0.03901091723294707,0.0006076812744140625,0.0008058961372380854,rhh,6,0.7,7,"{'initializer': 'rhh', 'max_depth': 6, 'p_xo': 0.7, 'tournament_size': 7}",-3.32647442817688,-10.945651054382324,-8.919047355651855,-4.130966663360596,-3.052624464035034,-6.074952793121338,3.2335818949559316,3,5
15,0.25829033851623534,0.046875226561955655,0.0005994319915771484,0.0004894386391616986,rhh,6,0.9,3,"{'initializer': 'rhh', 'max_depth': 6, 'p_xo': 0.9, 'tournament_size': 3}",-3.3362789154052734,-3.1601791381835938,-10.89404296875,-4.731019020080566,-5.08871603012085,-5.442047214508056,2.8282801760313063,1,5
16,0.20582056045532227,0.025569465132212005,0.0,0.0,rhh,6,0.9,5,"{'initializer': 'rhh', 'max_depth': 6, 'p_xo': 0.9, 'tournament_size': 5}",-19.296459197998047,-13.860586166381836,-9.684131622314453,-13.566266059875488,-12.654410362243652,-13.812370681762696,3.1151676971010893,23,5
17,0.20322575569152831,0.019166650953690915,0.0004001617431640625,0.0004900964138167432,rhh,6,0.9,7,"{'initializer': 'rhh', 'max_depth': 6, 'p_xo': 0.9, 'tournament_size': 7}",-18.414405822753906,-11.85979175567627,-9.700728416442871,-12.282567024230957,-12.173856735229492,-12.8862699508667,2.920055081132202,17,5
18,0.22050852775573732,0.026820653454513687,0.0008000850677490235,0.0016001701354980467,rhh,10,0.7,3,"{'initializer': 'rhh', 'max_depth': 10, 'p_xo': 0.7, 'tournament_size': 3}",-17.8677978515625,-7.255657196044922,-10.848642349243164,-4.130966663360596,-9.192692756652832,-9.859151363372803,4.585890532822327,12,5
19,0.3286915302276611,0.11224275502634921,0.00041351318359375,0.0005064657496859114,rhh,10,0.7,5,"{'initializer': 'rhh', 'max_depth': 10, 'p_xo': 0.7, 'tournament_size': 5}",-10.550736427307129,-3.9204328060150146,-8.578309059143066,-6.454495906829834,-5.68972635269165,-7.038740110397339,2.3060533614977587,5,5
20,0.26291670799255373,0.06801882280069312,0.00037817955017089845,0.0007563591003417969,rhh,10,0.7,7,"{'initializer': 'rhh', 'max_depth': 10, 'p_xo': 0.7, 'tournament_size': 7}",-3.32647442817688,-11.961966514587402,-8.919047355651855,-4.130966663360596,-2.9983503818511963,-6.267361068725586,3.5597583487378333,4,5
21,0.2222224712371826,0.04207669423384963,0.0003989219665527344,0.000488586032636152,rhh,10,0.9,3,"{'initializer': 'rhh', 'max_depth': 10, 'p_xo': 0.9, 'tournament_size': 3}",-3.32647442817688,-3.0931084156036377,-10.89404296875,-5.19089937210083,-5.088715553283691,-5.518648147583008,2.824039638049203,2,5
22,0.1895853042602539,0.01155486677891226,0.0001991748809814453,0.0003983497619628906,rhh,10,0.9,5,"{'initializer': 'rhh', 'max_depth': 10, 'p_xo': 0.9, 'tournament_size': 5}",-19.296459197998047,-13.860586166381836,-9.684131622314453,-13.566266059875488,-12.654410362243652,-13.812370681762696,3.1151676971010893,23,5
23,0.1823709487915039,0.013317058569662303,0.0,0.0,rhh,10,0.9,7,"{'initializer': 'rhh', 'max_depth': 10, 'p_xo': 0.9, 'tournament_size': 7}",-18.414405822753906,-11.767929077148438,-9.700728416442871,-12.282567024230957,-12.173856735229492,-12.867897415161133,2.9267370725268855,16,5
0,0.22663793563842774,0.025671369354515933,0.0003995418548583984,0.0004893381444895325,grow,6,0.7,3,"{'initializer': 'grow', 'max_depth': 6, 'p_xo': 0.7, 'tournament_size': 3}",-2.811702251434326,-7.51026725769043,-10.553691864013672,-8.116397857666016,-3.1070661544799805,-6.419825077056885,3.0049692166611117,5,6
1,0.2859323024749756,0.0709344021122155,0.00024857521057128904,0.0004971504211425781,grow,6,0.7,5,"{'initializer': 'grow', 'max_depth': 6, 'p_xo': 0.7, 'tournament_size': 5}",-10.497824668884277,-7.973114013671875,-2.6167571544647217,-3.5548155307769775,-8.31791877746582,-6.5920860290527346,3.0056208354780507,6,6
2,0.26853184700012206,0.06040648303322134,0.00019826889038085938,0.0003965377807617188,grow,6,0.7,7,"{'initializer': 'grow', 'max_depth': 6, 'p_xo': 0.7, 'tournament_size': 7}",-15.875469207763672,-5.934171199798584,-10.989764213562012,-11.477543830871582,-13.379215240478516,-11.531232738494873,3.283613812823024,17,6
3,0.2178574562072754,0.024970710421741944,0.00019941329956054687,0.00039882659912109374,grow,6,0.9,3,"{'initializer': 'grow', 'max_depth': 6, 'p_xo': 0.9, 'tournament_size': 3}",-10.883031845092773,-5.992464065551758,-4.991073131561279,-3.6801862716674805,-3.5245211124420166,-5.814255285263061,2.6906882457095436,3,6
4,0.18787798881530762,0.017361836925119025,0.0,0.0,grow,6,0.9,5,"{'initializer': 'grow', 'max_depth': 6, 'p_xo': 0.9, 'tournament_size': 5}",-18.968786239624023,-10.13790225982666,-7.215116500854492,-13.44615364074707,-9.44660758972168,-11.842913246154785,4.084465489149628,18,6
5,0.24991354942321778,0.008697086887316676,0.0004010200500488281,0.0004911487310410867,grow,6,0.9,7,"{'initializer': 'grow', 'max_depth': 6, 'p_xo': 0.9, 'tournament_size': 7}",-17.017837524414062,-11.149834632873535,-11.765581130981445,-14.031826972961426,-10.106892585754395,-12.814394569396972,2.4638348457492003,24,6
6,0.2065903663635254,0.013700443639277885,0.00020051002502441406,0.0004010200500488281,grow,10,0.7,3,"{'initializer': 'grow', 'max_depth': 10, 'p_xo': 0.7, 'tournament_size': 3}",-2.811702251434326,-7.60944128036499,-10.553691864013672,-8.116397857666016,-11.548444747924805,-8.127935600280761,3.0369551454979566,12,6
7,0.2729320526123047,0.09746762030979535,0.00020084381103515624,0.0004016876220703125,grow,10,0.7,5,"{'initializer': 'grow', 'max_depth': 10, 'p_xo': 0.7, 'tournament_size': 5}",-10.497824668884277,-7.973114013671875,-2.490232467651367,-4.259347915649414,-8.31791877746582,-6.707687568664551,2.9100028335921557,7,6
8,0.23904871940612793,0.03181792459921187,0.0,0.0,grow,10,0.7,7,"{'initializer': 'grow', 'max_depth': 10, 'p_xo': 0.7, 'tournament_size': 7}",-15.9389066696167,-5.866207122802734,-10.989764213562012,-11.727195739746094,-9.350955963134766,-10.77460594177246,3.2785021165304733,15,6
9,0.18397536277770996,0.016606307696233905,0.0,0.0,grow,10,0.9,3,"{'initializer': 'grow', 'max_depth': 10, 'p_xo': 0.9, 'tournament_size': 3}",-10.883031845092773,-5.992464065551758,-4.991073131561279,-3.6943089962005615,-3.5245211124420166,-5.817079830169678,2.6884530124757218,4,6
10,0.19534869194030763,0.032653189580556,0.0,0.0,grow,10,0.9,5,"{'initializer': 'grow', 'max_depth': 10, 'p_xo': 0.9, 'tournament_size': 5}",-18.968786239624023,-10.13790225982666,-3.484248638153076,-13.44615364074707,-9.44660758972168,-11.096739673614502,5.080968174899983,16,6
11,0.35724835395812987,0.017315968573158553,0.0,0.0,grow,10,0.9,7,"{'initializer': 'grow', 'max_depth': 10, 'p_xo': 0.9, 'tournament_size': 7}",-18.64371109008789,-10.39474105834961,-11.357746124267578,-13.33377742767334,-9.416267395019531,-12.62924861907959,3.2742361135611735,23,6
12,0.21359176635742189,0.02745413524710228,0.0,0.0,rhh,6,0.7,3,"{'initializer': 'rhh', 'max_depth': 6, 'p_xo': 0.7, 'tournament_size': 3}",-11.500076293945312,-6.605559349060059,-7.923129081726074,-8.116397857666016,-10.887007713317871,-9.006434059143066,1.8700118904177168,13,6
13,0.2646894931793213,0.04796997356185791,0.00014753341674804686,0.00029506683349609373,rhh,6,0.7,5,"{'initializer': 'rhh', 'max_depth': 6, 'p_xo': 0.7, 'tournament_size': 5}",-8.960289001464844,-6.2097697257995605,-4.161789894104004,-11.184715270996094,-6.959489345550537,-7.495210647583008,2.400414486948911,10,6
14,0.261503791809082,0.05358670885522366,0.0004024982452392578,0.0004929593278413826,rhh,6,0.7,7,"{'initializer': 'rhh', 'max_depth': 6, 'p_xo': 0.7, 'tournament_size': 7}",-3.584728240966797,-9.147049903869629,-7.658199787139893,-3.7143287658691406,-12.095008850097656,-7.239863109588623,3.2611105630508193,8,6
15,0.20810441970825194,0.035827026018012055,0.0,0.0,rhh,6,0.9,3,"{'initializer': 'rhh', 'max_depth': 6, 'p_xo': 0.9, 'tournament_size': 3}",-2.896454095840454,-11.033201217651367,-2.822230815887451,-5.163760185241699,-5.368957042694092,-5.4569206714630125,2.9895205341465543,2,6
16,0.20053272247314452,0.019711048003945526,0.0,0.0,rhh,6,0.9,5,"{'initializer': 'rhh', 'max_depth': 6, 'p_xo': 0.9, 'tournament_size': 5}",-18.968786239624023,-8.545866966247559,-11.047264099121094,-14.186058044433594,-6.959489345550537,-11.941492938995362,4.279514094276847,19,6
17,0.19485197067260743,0.02709182890367428,0.00019998550415039061,0.0003999710083007812,rhh,6,0.9,7,"{'initializer': 'rhh', 'max_depth': 6, 'p_xo': 0.9, 'tournament_size': 7}",-18.111494064331055,-9.334305763244629,-12.58031940460205,-13.216348648071289,-9.44660758972168,-12.53781509399414,3.204563855861647,21,6
18,0.2568950176239014,0.047826046967340136,0.0,0.0,rhh,10,0.7,3,"{'initializer': 'rhh', 'max_depth': 10, 'p_xo': 0.7, 'tournament_size': 3}",-10.55959415435791,-7.734521865844727,-7.923129081726074,-8.116397857666016,-10.887007713317871,-9.04413013458252,1.3802342787457205,14,6
19,0.26604428291320803,0.062288855374057796,0.00020318031311035157,0.00040636062622070315,rhh,10,0.7,5,"{'initializer': 'rhh', 'max_depth': 10, 'p_xo': 0.7, 'tournament_size': 5}",-8.960289001464844,-6.701595783233643,-3.835787296295166,-11.184715270996094,-7.892548084259033,-7.714987087249756,2.4370667363651726,11,6
20,0.26469855308532714,0.02950772444730672,0.0,0.0,rhh,10,0.7,7,"{'initializer': 'rhh', 'max_depth': 10, 'p_xo': 0.7, 'tournament_size': 7}",-4.955599308013916,-9.05795955657959,-7.505533695220947,-7.367406845092773,-8.58753490447998,-7.494806861877441,1.4213670710180721,9,6
21,0.22004346847534179,0.040453685895642987,0.0,0.0,rhh,10,0.9,3,"{'initializer': 'rhh', 'max_depth': 10, 'p_xo': 0.9, 'tournament_size': 3}",-2.896454095840454,-11.033201217651367,-2.822230815887451,-4.346416473388672,-4.17973518371582,-5.055607557296753,3.0545587477013907,1,6
22,0.2011115550994873,0.018088857854469263,0.0,0.0,rhh,10,0.9,5,"{'initializer': 'rhh', 'max_depth': 10, 'p_xo': 0.9, 'tournament_size': 5}",-18.968786239624023,-8.545866966247559,-11.047264099121094,-14.186058044433594,-6.959489345550537,-11.941492938995362,4.279514094276847,19,6
23,0.1906672954559326,0.01936708712794221,0.0002009868621826172,0.0004019737243652344,rhh,10,0.9,7,"{'initializer': 'rhh', 'max_depth': 10, 'p_xo': 0.9, 'tournament_size': 7}",-18.111494064331055,-9.334305763244629,-12.58031940460205,-13.216348648071289,-9.44660758972168,-12.53781509399414,3.204563855861647,21,6
0,0.23862342834472655,0.03359186975397587,0.00012454986572265624,0.0002490997314453125,grow,6,0.7,3,"{'initializer': 'grow', 'max_depth': 6, 'p_xo': 0.7, 'tournament_size': 3}",-7.107611656188965,-7.015449523925781,-3.1354117393493652,-4.291497707366943,-3.133702039718628,-4.936734533309936,1.7858210457597121,1,7
1,0.23558201789855956,0.0374375581947753,0.0004376411437988281,0.0008752822875976563,grow,6,0.7,5,"{'initializer': 'grow', 'max_depth': 6, 'p_xo': 0.7, 'tournament_size': 5}",-16.702733993530273,-10.166584014892578,-7.83250093460083,-4.1301422119140625,-27.379446029663086,-13.242281436920166,8.168119435829645,19,7
2,0.2425062656402588,0.030469540352547776,0.0,0.0,grow,6,0.7,7,"{'initializer': 'grow', 'max_depth': 6, 'p_xo': 0.7, 'tournament_size': 7}",-19.188173294067383,-10.356328964233398,-9.527700424194336,-8.509787559509277,-26.096948623657227,-14.735787773132325,6.840564664581081,23,7
3,0.23448262214660645,0.047304646175776566,0.0,0.0,grow,6,0.9,3,"{'initializer': 'grow', 'max_depth': 6, 'p_xo': 0.9, 'tournament_size': 3}",-6.089855194091797,-12.306528091430664,-4.131150722503662,-4.338274955749512,-3.4970476627349854,-6.072571325302124,3.2333492135844875,3,7
4,0.19441614151000977,0.009708024400677017,0.00020008087158203126,0.0004001617431640625,grow,6,0.9,5,"{'initializer': 'grow', 'max_depth': 6, 'p_xo': 0.9, 'tournament_size': 5}",-18.731718063354492,-9.645047187805176,-12.754161834716797,-11.304247856140137,-9.546525001525879,-12.396339988708496,3.38079205470188,17,7
5,0.2550949573516846,0.009087684629827243,0.00011610984802246094,0.00023221969604492188,grow,6,0.9,7,"{'initializer': 'grow', 'max_depth': 6, 'p_xo': 0.9, 'tournament_size': 7}",-16.698509216308594,-11.355315208435059,-12.366409301757812,-11.120516777038574,-9.972689628601074,-12.302688026428223,2.325994023524729,16,7
6,0.2420340061187744,0.026686674379847636,0.000527191162109375,0.0006760587643823597,grow,10,0.7,3,"{'initializer': 'grow', 'max_depth': 10, 'p_xo': 0.7, 'tournament_size': 3}",-17.42108726501465,-6.43446683883667,-3.1354117393493652,-4.291497707366943,-3.133702039718628,-6.883233118057251,5.404997724866603,9,7
7,0.2834357738494873,0.03223839494901851,0.00011830329895019531,0.00023660659790039065,grow,10,0.7,5,"{'initializer': 'grow', 'max_depth': 10, 'p_xo': 0.7, 'tournament_size': 5}",-17.28571128845215,-11.234230041503906,-7.83250093460083,-4.373952865600586,-27.379446029663086,-13.621168231964111,8.092418906705973,21,7
8,0.2676872730255127,0.0778950956108307,0.0005555152893066406,0.0006805059177252289,grow,10,0.7,7,"{'initializer': 'grow', 'max_depth': 10, 'p_xo': 0.7, 'tournament_size': 7}",-18.697750091552734,-10.356328964233398,-11.143156051635742,-8.509787559509277,-25.21681785583496,-14.784768104553223,6.267166543948716,24,7
9,0.21702651977539061,0.049476492011703156,0.0003996849060058594,0.0004895126194160448,grow,10,0.9,3,"{'initializer': 'grow', 'max_depth': 10, 'p_xo': 0.9, 'tournament_size': 3}",-6.089855194091797,-12.306528091430664,-7.942678928375244,-4.544918537139893,-3.4970476627349854,-6.876205682754517,3.1015390507419225,8,7
10,0.2128666400909424,0.016577763543525796,0.00039997100830078123,0.0004898624643296147,grow,10,0.9,5,"{'initializer': 'grow', 'max_depth': 10, 'p_xo': 0.9, 'tournament_size': 5}",-18.731718063354492,-9.645047187805176,-12.754161834716797,-11.304247856140137,-9.546525001525879,-12.396339988708496,3.38079205470188,17,7
11,0.40439639091491697,0.033910777814547315,0.0003982067108154297,0.00048770722719703195,grow,10,0.9,7,"{'initializer': 'grow', 'max_depth': 10, 'p_xo': 0.9, 'tournament_size': 7}",-16.69678497314453,-10.520393371582031,-11.76051139831543,-10.898798942565918,-9.220877647399902,-11.819473266601562,2.5721428794454395,15,7
12,0.273702335357666,0.02346510178686137,0.0004141807556152344,0.0005076862270482125,rhh,6,0.7,3,"{'initializer': 'rhh', 'max_depth': 6, 'p_xo': 0.7, 'tournament_size': 3}",-16.393489837646484,-2.7283270359039307,-7.840823650360107,-4.267751216888428,-3.4970476627349854,-6.9454878807067875,5.038111278790454,10,7
13,0.3255764007568359,0.08626223332333444,0.0,0.0,rhh,6,0.7,5,"{'initializer': 'rhh', 'max_depth': 6, 'p_xo': 0.7, 'tournament_size': 5}",-9.320952415466309,-5.365303039550781,-3.937066078186035,-4.722173690795898,-3.4741671085357666,-5.363932466506958,2.082163484428774,2,7
14,0.2950636386871338,0.04604261429567757,0.0006014823913574219,0.0004911142961626253,rhh,6,0.7,7,"{'initializer': 'rhh', 'max_depth': 6, 'p_xo': 0.7, 'tournament_size': 7}",-12.52053165435791,-8.363017082214355,-6.789100646972656,-9.123085021972656,-6.412388324737549,-8.641624546051025,2.1797562061261058,11,7
15,0.23861331939697267,0.031477499940463165,0.0004405498504638672,0.0005432740405441187,rhh,6,0.9,3,"{'initializer': 'rhh', 'max_depth': 6, 'p_xo': 0.9, 'tournament_size': 3}",-3.096803903579712,-6.3216118812561035,-4.851968765258789,-11.523492813110352,-6.066901206970215,-6.372155714035034,2.816767890434271,5,7
16,0.21594958305358886,0.03552765970900209,0.0,0.0,rhh,6,0.9,5,"{'initializer': 'rhh', 'max_depth': 6, 'p_xo': 0.9, 'tournament_size': 5}",-19.27945327758789,-12.306528091430664,-12.79358196258545,-11.523492813110352,-10.868645668029785,-13.354340362548829,3.0347983280028012,20,7
17,0.24771356582641602,0.05661049336083518,0.0001998424530029297,0.0003996849060058594,rhh,6,0.9,7,"{'initializer': 'rhh', 'max_depth': 6, 'p_xo': 0.9, 'tournament_size': 7}",-16.806692123413086,-9.79727554321289,-11.151688575744629,-12.006938934326172,-9.05247974395752,-11.763014984130859,2.723344663981754,14,7
18,0.3081687927246094,0.04269788357848364,0.00020041465759277344,0.0004008293151855469,rhh,10,0.7,3,"{'initializer': 'rhh', 'max_depth': 10, 'p_xo': 0.7, 'tournament_size': 3}",-15.397380828857422,-2.7283270359039307,-5.484121322631836,-4.230775833129883,-3.133702039718628,-6.19486141204834,4.699717109285629,4,7
19,0.36252613067626954,0.13477489972755144,0.0006220817565917968,0.0005082986009449214,rhh,10,0.7,5,"{'initializer': 'rhh', 'max_depth': 10, 'p_xo': 0.7, 'tournament_size': 5}",-9.320952415466309,-5.853924751281738,-3.804302930831909,-10.811725616455078,-4.159243106842041,-6.790029764175415,2.8032660505195075,6,7
20,0.3169947624206543,0.04117587181125679,0.0008011341094970703,0.0007505101254236224,rhh,10,0.7,7,"{'initializer': 'rhh', 'max_depth': 10, 'p_xo': 0.7, 'tournament_size': 7}",-12.52053165435791,-10.329299926757812,-6.789100646972656,-9.123085021972656,-8.020333290100098,-9.356470108032227,1.969202857470437,12,7
21,0.21377215385437012,0.028305182035992634,0.00019989013671875,0.0003997802734375,rhh,10,0.9,3,"{'initializer': 'rhh', 'max_depth': 10, 'p_xo': 0.9, 'tournament_size': 3}",-5.259044647216797,-6.3216118812561035,-4.851968765258789,-11.523492813110352,-6.066901206970215,-6.804603862762451,2.4185506610794443,7,7
22,0.21963577270507811,0.05943578619551137,0.0,0.0,rhh,10,0.9,5,"{'initializer': 'rhh', 'max_depth': 10, 'p_xo': 0.9, 'tournament_size': 5}",-19.27945327758789,-12.306528091430664,-15.637834548950195,-11.523492813110352,-10.868645668029785,-13.923190879821778,3.1410808846457243,22,7
23,0.23082008361816406,0.0772748318846967,0.0004012584686279297,0.0004914428661422664,rhh,10,0.9,7,"{'initializer': 'rhh', 'max_depth': 10, 'p_xo': 0.9, 'tournament_size': 7}",-16.806692123413086,-9.79727554321289,-11.151688575744629,-11.837187767028809,-9.05247974395752,-11.729064750671387,2.721149404596287,13,7
0,0.2682944774627686,0.02399579731869643,0.0,0.0,grow,6,0.7,3,"{'initializer': 'grow', 'max_depth': 6, 'p_xo': 0.7, 'tournament_size': 3}",-15.620613098144531,-9.24795150756836,-8.132269859313965,-7.723533630371094,-3.1640682220458984,-8.777687263488769,4.002182022050869,7,8
1,0.2613082408905029,0.023525327457147777,0.00026450157165527346,0.00038869048614218377,grow,6,0.7,5,"{'initializer': 'grow', 'max_depth': 6, 'p_xo': 0.7, 'tournament_size': 5}",-3.096803903579712,-3.2181222438812256,-3.146918296813965,-12.282740592956543,-27.267574310302734,-9.802431869506837,9.421226803561623,11,8
2,0.26203408241271975,0.06783386380372239,0.00019884109497070312,0.00039768218994140625,grow,6,0.7,7,"{'initializer': 'grow', 'max_depth': 6, 'p_xo': 0.7, 'tournament_size': 7}",-19.188173294067383,-10.167652130126953,-4.646954536437988,-14.657198905944824,-14.253267288208008,-12.582649230957031,4.889481168327991,19,8
3,0.1987743377685547,0.026932147209644923,0.0006043910980224609,0.0008070516445295977,grow,6,0.9,3,"{'initializer': 'grow', 'max_depth': 6, 'p_xo': 0.9, 'tournament_size': 3}",-11.106678009033203,-12.591390609741211,-6.594295024871826,-4.240382194519043,-3.1640682220458984,-7.539362812042237,3.7193642351831575,5,8
4,0.2063302516937256,0.03705426399704343,0.00020117759704589843,0.00040235519409179685,grow,6,0.9,5,"{'initializer': 'grow', 'max_depth': 6, 'p_xo': 0.9, 'tournament_size': 5}",-18.722492218017578,-9.817575454711914,-10.989945411682129,-15.235692977905273,-9.989752769470215,-12.951091766357422,3.4917907733287388,21,8
5,0.2802467346191406,0.013029781245692757,0.0,0.0,grow,6,0.9,7,"{'initializer': 'grow', 'max_depth': 6, 'p_xo': 0.9, 'tournament_size': 7}",-16.698509216308594,-11.610452651977539,-9.910511016845703,-14.408461570739746,-10.316961288452148,-12.588979148864746,2.5881469995393585,20,8
6,0.2942338943481445,0.05712498915138524,0.0006081581115722657,0.0004966266991933475,grow,10,0.7,3,"{'initializer': 'grow', 'max_depth': 10, 'p_xo': 0.7, 'tournament_size': 3}",-15.620613098144531,-9.24795150756836,-9.390015602111816,-7.217202663421631,-3.181243419647217,-8.93140525817871,4.026384934578439,8,8
7,0.3104857444763184,0.051780249684187166,0.0,0.0,grow,10,0.7,5,"{'initializer': 'grow', 'max_depth': 10, 'p_xo': 0.7, 'tournament_size': 5}",-3.096803903579712,-6.0533528327941895,-3.3310201168060303,-12.35416030883789,-27.267574310302734,-10.420582294464111,9.061260164899174,13,8
8,0.27569284439086916,0.029548695130020078,6.403923034667969e-05,0.00012807846069335936,grow,10,0.7,7,"{'initializer': 'grow', 'max_depth': 10, 'p_xo': 0.7, 'tournament_size': 7}",-18.697750091552734,-10.167652130126953,-4.646954536437988,-14.657198905944824,-10.351973533630371,-11.704305839538574,4.72491597113191,15,8
9,0.20537400245666504,0.03652818028582965,0.0,0.0,grow,10,0.9,3,"{'initializer': 'grow', 'max_depth': 10, 'p_xo': 0.9, 'tournament_size': 3}",-17.164613723754883,-12.591390609741211,-6.594295024871826,-4.208406448364258,-3.1640682220458984,-8.744554805755616,5.329871057388149,6,8
10,0.21465744972229003,0.019420504345786058,0.0006138324737548828,0.0008261378411652955,grow,10,0.9,5,"{'initializer': 'grow', 'max_depth': 10, 'p_xo': 0.9, 'tournament_size': 5}",-18.722492218017578,-9.817575454711914,-10.989945411682129,-15.235692977905273,-9.989752769470215,-12.951091766357422,3.4917907733287388,21,8
11,0.35605335235595703,0.018633962129258174,0.0006434917449951172,0.0005313490404025729,grow,10,0.9,7,"{'initializer': 'grow', 'max_depth': 10, 'p_xo': 0.9, 'tournament_size': 7}",-16.69678497314453,-10.738018035888672,-9.66170883178711,-13.686641693115234,-9.818755149841309,-12.120381736755371,2.707401840644207,16,8
12,0.24494314193725586,0.03577384369603281,0.0,0.0,rhh,6,0.7,3,"{'initializer': 'rhh', 'max_depth': 6, 'p_xo': 0.7, 'tournament_size': 3}",-8.016489028930664,-11.265193939208984,-9.63693904876709,-4.080392360687256,-12.056928634643555,-9.01118860244751,2.8302231305058463,9,8
13,0.2573967456817627,0.0594817247061632,0.00040106773376464845,0.0004912135711324642,rhh,6,0.7,5,"{'initializer': 'rhh', 'max_depth': 6, 'p_xo': 0.7, 'tournament_size': 5}",-9.320952415466309,-3.9071044921875,-4.767130374908447,-9.258801460266113,-7.040893077850342,-6.858976364135742,2.2335150526072867,4,8
14,0.2546520709991455,0.026415379710291842,0.0,0.0,rhh,6,0.7,7,"{'initializer': 'rhh', 'max_depth': 6, 'p_xo': 0.7, 'tournament_size': 7}",-3.096803903579712,-8.764286994934082,-4.122225761413574,-4.34094762802124,-27.494443893432617,-9.563741636276244,9.174509982184086,10,8
15,0.2210078716278076,0.03722692585293031,0.0,0.0,rhh,6,0.9,3,"{'initializer': 'rhh', 'max_depth': 6, 'p_xo': 0.9, 'tournament_size': 3}",-3.096803903579712,-13.8148832321167,-4.797520160675049,-5.3162946701049805,-3.7225403785705566,-6.149608469009399,3.9112470416797613,2,8
16,0.16763715744018554,0.014539863670179393,0.0,0.0,rhh,6,0.9,5,"{'initializer': 'rhh', 'max_depth': 6, 'p_xo': 0.9, 'tournament_size': 5}",-19.27945327758789,-12.591390609741211,-10.36005687713623,-15.235692977905273,-10.987008094787598,-13.690720367431641,3.2629061023312875,23,8
17,0.2006955623626709,0.04799549400882548,0.00020127296447753907,0.00040254592895507815,rhh,6,0.9,7,"{'initializer': 'rhh', 'max_depth': 6, 'p_xo': 0.9, 'tournament_size': 7}",-18.476865768432617,-10.06659984588623,-9.355728149414062,-12.389404296875,-10.67225170135498,-12.192169952392579,3.2987847688501652,18,8
18,0.22834653854370118,0.057042782323814566,0.0006015777587890625,0.0008020043705342423,rhh,10,0.7,3,"{'initializer': 'rhh', 'max_depth': 10, 'p_xo': 0.7, 'tournament_size': 3}",-14.34930419921875,-11.265193939208984,-9.929474830627441,-4.080392360687256,-12.056928634643555,-10.336258792877198,3.4417872291342557,12,8
19,0.2723409175872803,0.06880839808645173,0.0005067825317382812,0.0006434039525611184,rhh,10,0.7,5,"{'initializer': 'rhh', 'max_depth': 10, 'p_xo': 0.7, 'tournament_size': 5}",-9.320952415466309,-3.9590036869049072,-4.227463722229004,-9.258801460266113,-5.534867286682129,-6.460217714309692,2.3712194933190953,3,8
20,0.28528695106506347,0.046937302732473075,0.00040192604064941405,0.000492306791646372,rhh,10,0.7,7,"{'initializer': 'rhh', 'max_depth': 10, 'p_xo': 0.7, 'tournament_size': 7}",-3.096803903579712,-8.297648429870605,-4.222711086273193,-10.495107650756836,-27.494443893432617,-10.721342992782592,8.804864616412248,14,8
21,0.21999330520629884,0.03949467703194886,0.0,0.0,rhh,10,0.9,3,"{'initializer': 'rhh', 'max_depth': 10, 'p_xo': 0.9, 'tournament_size': 3}",-3.096803903579712,-13.8148832321167,-4.797520160675049,-4.98049259185791,-3.981982946395874,-6.1343365669250485,3.8979087184719794,1,8
22,0.15949597358703613,0.019962781433561016,0.0002074718475341797,0.0004149436950683594,rhh,10,0.9,5,"{'initializer': 'rhh', 'max_depth': 10, 'p_xo': 0.9, 'tournament_size': 5}",-19.27945327758789,-12.591390609741211,-10.36005687713623,-15.235692977905273,-10.987008094787598,-13.690720367431641,3.2629061023312875,23,8
23,0.20875234603881837,0.039928300342777605,0.0,0.0,rhh,10,0.9,7,"{'initializer': 'rhh', 'max_depth': 10, 'p_xo': 0.9, 'tournament_size': 7}",-18.476865768432617,-9.877850532531738,-9.355728149414062,-12.389404296875,-10.67225170135498,-12.154420089721679,3.3238774223729264,17,8
0,0.23819985389709472,0.027745436859116426,0.00019965171813964843,0.00039930343627929686,grow,6,0.7,3,"{'initializer': 'grow', 'max_depth': 6, 'p_xo': 0.7, 'tournament_size': 3}",-9.88886547088623,-5.248826026916504,-6.227285861968994,-13.653191566467285,-12.148799896240234,-9.43339376449585,3.2612057113342363,9,9
1,0.22061963081359864,0.03394984821023644,7.777214050292968e-05,0.00015554428100585937,grow,6,0.7,5,"{'initializer': 'grow', 'max_depth': 6, 'p_xo': 0.7, 'tournament_size': 5}",-18.99191665649414,-10.140853881835938,-3.0449676513671875,-13.290635108947754,-27.358938217163086,-14.56546230316162,8.212072395972523,23,9
2,0.2027738094329834,0.013479883270173493,7.710456848144531e-05,0.00015420913696289061,grow,6,0.7,7,"{'initializer': 'grow', 'max_depth': 6, 'p_xo': 0.7, 'tournament_size': 7}",-6.644997596740723,-10.577300071716309,-9.285679817199707,-12.402311325073242,-27.640779495239258,-13.310213661193847,7.406486323631364,18,9
3,0.21308093070983886,0.01714021648932377,0.0,0.0,grow,6,0.9,3,"{'initializer': 'grow', 'max_depth': 6, 'p_xo': 0.9, 'tournament_size': 3}",-17.220970153808594,-6.250348091125488,-3.7923669815063477,-4.196722984313965,-3.500736951828003,-6.992229032516479,5.204267872009537,2,9
4,0.18467960357666016,0.018693083818778905,0.0,0.0,grow,6,0.9,5,"{'initializer': 'grow', 'max_depth': 6, 'p_xo': 0.9, 'tournament_size': 5}",-18.88103675842285,-11.345532417297363,-9.708477020263672,-15.071625709533691,-9.639103889465332,-12.929155158996583,3.5698778872950547,15,9
5,0.2551839351654053,0.021164016415804076,0.00019998550415039061,0.00039997100830078123,grow,6,0.9,7,"{'initializer': 'grow', 'max_depth': 6, 'p_xo': 0.9, 'tournament_size': 7}",-17.337501525878906,-11.67357349395752,-9.622695922851562,-14.25910472869873,-10.127039909362793,-12.603983116149902,2.864772491183595,14,9
6,0.1977083683013916,0.014996184853796689,0.0,0.0,grow,10,0.7,3,"{'initializer': 'grow', 'max_depth': 10, 'p_xo': 0.7, 'tournament_size': 3}",-9.888744354248047,-4.187568187713623,-3.420560359954834,-11.554793357849121,-12.148799896240234,-8.240093231201172,3.7049731867737496,7,9
7,0.19698114395141603,0.029199330298636826,0.0,0.0,grow,10,0.7,5,"{'initializer': 'grow', 'max_depth': 10, 'p_xo': 0.7, 'tournament_size': 5}",-18.99191665649414,-3.805384635925293,-3.0449676513671875,-12.679381370544434,-27.358938217163086,-13.176117706298829,9.226846717828113,17,9
8,0.19524641036987306,0.02235388284850459,0.0,0.0,grow,10,0.7,7,"{'initializer': 'grow', 'max_depth': 10, 'p_xo': 0.7, 'tournament_size': 7}",-16.041826248168945,-10.577300071716309,-9.285679817199707,-13.653191566467285,-27.71666717529297,-15.454932975769044,6.569502700816421,24,9
9,0.19573745727539063,0.035319878240756046,0.0,0.0,grow,10,0.9,3,"{'initializer': 'grow', 'max_depth': 10, 'p_xo': 0.9, 'tournament_size': 3}",-17.220970153808594,-6.250348091125488,-3.7164578437805176,-4.056711673736572,-3.500736951828003,-6.949044942855835,5.228894030744426,1,9
10,0.15944852828979492,0.01187292896427844,0.0,0.0,grow,10,0.9,5,"{'initializer': 'grow', 'max_depth': 10, 'p_xo': 0.9, 'tournament_size': 5}",-18.88103675842285,-11.345532417297363,-9.708477020263672,-15.071625709533691,-9.639103889465332,-12.929155158996583,3.5698778872950547,15,9
11,0.32668476104736327,0.030501967676718596,0.00010776519775390625,0.0002155303955078125,grow,10,0.9,7,"{'initializer': 'grow', 'max_depth': 10, 'p_xo': 0.9, 'tournament_size': 7}",-17.521495819091797,-11.1873779296875,-9.16550350189209,-13.554821014404297,-9.572832107543945,-12.200406074523926,3.075367961680862,13,9
12,0.23122925758361818,0.04452677755853278,0.003071451187133789,0.006142902374267579,rhh,6,0.7,3,"{'initializer': 'rhh', 'max_depth': 6, 'p_xo': 0.7, 'tournament_size': 3}",-16.233123779296875,-7.017613887786865,-6.473987579345703,-14.189048767089844,-27.40056800842285,-14.262868404388428,7.6111350531192965,22,9
13,0.3055700778961182,0.11824398416085016,0.0002444267272949219,0.0004888534545898437,rhh,6,0.7,5,"{'initializer': 'rhh', 'max_depth': 6, 'p_xo': 0.7, 'tournament_size': 5}",-17.04193687438965,-4.66245174407959,-5.447268962860107,-9.272250175476074,-3.8111863136291504,-8.047018814086915,4.869620381770182,6,9
14,0.25599942207336424,0.048849857788068995,0.0,0.0,rhh,6,0.7,7,"{'initializer': 'rhh', 'max_depth': 6, 'p_xo': 0.7, 'tournament_size': 7}",-3.723719835281372,-10.088042259216309,-10.95317268371582,-10.641731262207031,-12.060903549194336,-9.493513917922973,2.955824216888324,10,9
15,0.19132561683654786,0.03812658258625976,0.0,0.0,rhh,6,0.9,3,"{'initializer': 'rhh', 'max_depth': 6, 'p_xo': 0.9, 'tournament_size': 3}",-3.0986251831054688,-13.244778633117676,-11.050091743469238,-4.963159084320068,-3.688551425933838,-7.2090412139892575,4.135629340204505,3,9
16,0.17854704856872558,0.01222310996758124,0.0,0.0,rhh,6,0.9,5,"{'initializer': 'rhh', 'max_depth': 6, 'p_xo': 0.9, 'tournament_size': 5}",-19.24663734436035,-13.512587547302246,-10.267864227294922,-15.071625709533691,-10.849780082702637,-13.78969898223877,3.2417509573222913,20,9
17,0.21373162269592286,0.017215606566904577,0.0,0.0,rhh,6,0.9,7,"{'initializer': 'rhh', 'max_depth': 6, 'p_xo': 0.9, 'tournament_size': 7}",-16.958646774291992,-10.887356758117676,-9.320722579956055,-12.324647903442383,-9.448325157165527,-11.787939834594727,2.8070010155133693,11,9
18,0.24644064903259277,0.03581464859689602,0.0001991748809814453,0.0003983497619628906,rhh,10,0.7,3,"{'initializer': 'rhh', 'max_depth': 10, 'p_xo': 0.7, 'tournament_size': 3}",-17.34596824645996,-7.017613887786865,-6.600406169891357,-10.632054328918457,-26.467981338500977,-13.612804794311524,7.493293324579679,19,9
19,0.29253225326538085,0.0815763477519365,0.00020427703857421874,0.0004085540771484375,rhh,10,0.7,5,"{'initializer': 'rhh', 'max_depth': 10, 'p_xo': 0.7, 'tournament_size': 5}",-17.04193687438965,-4.23978328704834,-6.404842376708984,-9.272250175476074,-5.419374465942383,-8.475637435913086,4.595377543048468,8,9
20,0.29482035636901854,0.04105588970075042,0.0005702972412109375,0.0007482102432041095,rhh,10,0.7,7,"{'initializer': 'rhh', 'max_depth': 10, 'p_xo': 0.7, 'tournament_size': 7}",-3.723719835281372,-10.887446403503418,-7.249544620513916,-4.084146499633789,-12.060903549194336,-7.601152181625366,3.412229488705261,4,9
21,0.19638915061950685,0.04315318376152636,0.0001941204071044922,0.0003882408142089844,rhh,10,0.9,3,"{'initializer': 'rhh', 'max_depth': 10, 'p_xo': 0.9, 'tournament_size': 3}",-3.0986251831054688,-13.244778633117676,-11.050091743469238,-5.272536754608154,-5.455603122711182,-7.624327087402344,3.8481579538136765,5,9
22,0.17558212280273439,0.018662140837213875,0.00019831657409667968,0.00039663314819335935,rhh,10,0.9,5,"{'initializer': 'rhh', 'max_depth': 10, 'p_xo': 0.9, 'tournament_size': 5}",-19.24663734436035,-13.512587547302246,-10.267864227294922,-15.071625709533691,-10.849780082702637,-13.78969898223877,3.2417509573222913,20,9
23,0.21428308486938477,0.025133198508912193,6.132125854492187e-05,0.00012264251708984377,rhh,10,0.9,7,"{'initializer': 'rhh', 'max_depth': 10, 'p_xo': 0.9, 'tournament_size': 7}",-16.8503475189209,-10.860811233520508,-9.575745582580566,-12.324647903442383,-10.296987533569336,-11.981707954406739,2.596328419430819,12,9
0,0.23039464950561522,0.027365804540617183,0.00019969940185546876,0.0003993988037109375,grow,6,0.7,3,"{'initializer': 'grow', 'max_depth': 6, 'p_xo': 0.7, 'tournament_size': 3}",-2.703217029571533,-2.654064178466797,-10.744413375854492,-4.002352714538574,-3.360011577606201,-4.692811775207519,3.065614164542477,2,10
1,0.23900246620178223,0.04541598792966247,0.0002017498016357422,0.0004034996032714844,grow,6,0.7,5,"{'initializer': 'grow', 'max_depth': 6, 'p_xo': 0.7, 'tournament_size': 5}",-16.03233528137207,-10.653203964233398,-3.923140287399292,-17.810203552246094,-27.668886184692383,-15.217553853988647,7.884395294138644,24,10
2,0.217938232421875,0.018219982077300047,0.000251007080078125,0.00050201416015625,grow,6,0.7,7,"{'initializer': 'grow', 'max_depth': 6, 'p_xo': 0.7, 'tournament_size': 7}",-16.762874603271484,-8.681480407714844,-8.924131393432617,-8.14400577545166,-27.573719024658203,-14.017242240905762,7.4862754275008365,22,10
3,0.18585519790649413,0.04771470387404959,0.00019989013671875,0.0003997802734375,grow,6,0.9,3,"{'initializer': 'grow', 'max_depth': 6, 'p_xo': 0.9, 'tournament_size': 3}",-17.11552619934082,-8.845380783081055,-11.20464038848877,-12.560348510742188,-3.5895631313323975,-10.663091802597046,4.446698747282936,11,10
4,0.200358247756958,0.025965918547992795,0.00020132064819335937,0.00040264129638671874,grow,6,0.9,5,"{'initializer': 'grow', 'max_depth': 6, 'p_xo': 0.9, 'tournament_size': 5}",-18.958240509033203,-9.741493225097656,-12.4213285446167,-10.031310081481934,-11.003191947937012,-12.4311128616333,3.395159977584069,17,10
5,0.25077071189880373,0.01352579295557968,0.0,0.0,grow,6,0.9,7,"{'initializer': 'grow', 'max_depth': 6, 'p_xo': 0.9, 'tournament_size': 7}",-16.720783233642578,-10.829005241394043,-12.051026344299316,-10.863608360290527,-11.633467674255371,-12.419578170776367,2.2002331444277985,16,10
6,0.20497374534606932,0.0263594028100692,0.0005491256713867187,0.000712739386794091,grow,10,0.7,3,"{'initializer': 'grow', 'max_depth': 10, 'p_xo': 0.7, 'tournament_size': 3}",-2.748593807220459,-2.654064178466797,-5.8547515869140625,-4.002352714538574,-3.385991334915161,-3.729150724411011,1.1685785955427253,1,10
7,0.22817845344543458,0.029122713993013898,0.000583028793334961,0.0007213966222773696,grow,10,0.7,5,"{'initializer': 'grow', 'max_depth': 10, 'p_xo': 0.7, 'tournament_size': 5}",-16.812406539916992,-7.815185070037842,-4.2480692863464355,-9.939628601074219,-27.668886184692383,-13.296835136413574,8.271814555560667,19,10
8,0.20811896324157714,0.026979434850231132,0.0,0.0,grow,10,0.7,7,"{'initializer': 'grow', 'max_depth': 10, 'p_xo': 0.7, 'tournament_size': 7}",-16.65457534790039,-8.681480407714844,-8.924131393432617,-8.14400577545166,-27.799543380737305,-14.040747261047363,7.5605506045620485,23,10
9,0.22428231239318847,0.053936122254413306,0.0002762317657470703,0.0005524635314941406,grow,10,0.9,3,"{'initializer': 'grow', 'max_depth': 10, 'p_xo': 0.9, 'tournament_size': 3}",-17.11552619934082,-8.845380783081055,-11.20464038848877,-12.560348510742188,-3.5895631313323975,-10.663091802597046,4.446698747282936,11,10
10,0.21020150184631348,0.027533126834411212,0.00020885467529296875,0.0004177093505859375,grow,10,0.9,5,"{'initializer': 'grow', 'max_depth': 10, 'p_xo': 0.9, 'tournament_size': 5}",-18.958240509033203,-9.741493225097656,-12.4213285446167,-10.031310081481934,-11.425726890563965,-12.515619850158691,3.363679295843969,18,10
11,0.35435895919799804,0.039277680520328796,0.0001995563507080078,0.0003991127014160156,grow,10,0.9,7,"{'initializer': 'grow', 'max_depth': 10, 'p_xo': 0.9, 'tournament_size': 7}",-16.717857360839844,-10.063908576965332,-11.592589378356934,-10.27016544342041,-11.117157936096191,-11.952335739135743,2.446752532820712,14,10
12,0.2354912281036377,0.03608357422110567,0.0,0.0,rhh,6,0.7,3,"{'initializer': 'rhh', 'max_depth': 6, 'p_xo': 0.7, 'tournament_size': 3}",-7.162110328674316,-10.653203964233398,-6.610767841339111,-3.8786685466766357,-3.5895631313323975,-6.378862762451172,2.5678166980379813,4,10
13,0.2573349952697754,0.09050211023697421,0.0002868175506591797,0.0005736351013183594,rhh,6,0.7,5,"{'initializer': 'rhh', 'max_depth': 6, 'p_xo': 0.7, 'tournament_size': 5}",-16.918689727783203,-4.035340785980225,-5.195267677307129,-9.78696060180664,-3.7627458572387695,-7.9398009300231935,4.985127957602727,8,10
14,0.2438204765319824,0.03121711870758282,0.0001995086669921875,0.000399017333984375,rhh,6,0.7,7,"{'initializer': 'rhh', 'max_depth': 6, 'p_xo': 0.7, 'tournament_size': 7}",-8.35548210144043,-8.283463478088379,-3.3571176528930664,-4.127968788146973,-27.693565368652344,-10.363519477844239,8.906863607141776,10,10
15,0.19620490074157715,0.02787752701801993,0.00020022392272949218,0.0004004478454589843,rhh,6,0.9,3,"{'initializer': 'rhh', 'max_depth': 6, 'p_xo': 0.9, 'tournament_size': 3}",-3.4450430870056152,-11.918261528015137,-4.7457661628723145,-11.610452651977539,-4.383983135223389,-7.2207013130187985,3.735367661923871,6,10
16,0.16620702743530275,0.021261414050917478,0.0,0.0,rhh,6,0.9,5,"{'initializer': 'rhh', 'max_depth': 6, 'p_xo': 0.9, 'tournament_size': 5}",-19.352712631225586,-11.725844383239746,-12.661331176757812,-11.610452651977539,-12.301498413085938,-13.530367851257324,2.9362364650542783,20,10
17,0.2018436908721924,0.016152067715043728,0.00020051002502441406,0.0004010200500488281,rhh,6,0.9,7,"{'initializer': 'rhh', 'max_depth': 6, 'p_xo': 0.9, 'tournament_size': 7}",-18.7760009765625,-9.572421073913574,-10.874310493469238,-9.692222595214844,-11.136992454528809,-12.010389518737792,3.4393192467390246,15,10
18,0.24143338203430176,0.0603815301303275,0.0,0.0,rhh,10,0.7,3,"{'initializer': 'rhh', 'max_depth': 10, 'p_xo': 0.7, 'tournament_size': 3}",-5.542334079742432,-10.653203964233398,-7.974060535430908,-3.9127821922302246,-3.5895631313323975,-6.334388780593872,2.6595595506337677,3,10
19,0.3015848159790039,0.13304417326819948,0.00039997100830078123,0.000489899572371508,rhh,10,0.7,5,"{'initializer': 'rhh', 'max_depth': 10, 'p_xo': 0.7, 'tournament_size': 5}",-16.918689727783203,-2.5932319164276123,-4.821117877960205,-9.78696060180664,-4.891266822814941,-7.802253389358521,5.129198585842942,7,10
20,0.27834510803222656,0.05232972238623541,0.00039839744567871094,0.0004879923148163377,rhh,10,0.7,7,"{'initializer': 'rhh', 'max_depth': 10, 'p_xo': 0.7, 'tournament_size': 7}",-7.524882793426514,-7.957712650299072,-3.3571176528930664,-4.127968788146973,-27.693565368652344,-10.132249450683593,8.965272835828797,9,10
21,0.2051490306854248,0.03425901256535565,0.0004128456115722656,0.0005058464373400417,rhh,10,0.9,3,"{'initializer': 'rhh', 'max_depth': 10, 'p_xo': 0.9, 'tournament_size': 3}",-2.703217029571533,-11.052421569824219,-4.840026378631592,-11.610452651977539,-5.645003318786621,-7.170224189758301,3.5354592009491403,5,10
22,0.17502522468566895,0.022798761921048873,0.0,0.0,rhh,10,0.9,5,"{'initializer': 'rhh', 'max_depth': 10, 'p_xo': 0.9, 'tournament_size': 5}",-19.352712631225586,-11.725844383239746,-12.661331176757812,-11.610452651977539,-12.301498413085938,-13.530367851257324,2.9362364650542783,20,10
23,0.1954648494720459,0.026067310706051786,0.003159332275390625,0.006017786679941815,rhh,10,0.9,7,"{'initializer': 'rhh', 'max_depth': 10, 'p_xo': 0.9, 'tournament_size': 7}",-16.70781898498535,-10.045337677001953,-10.664600372314453,-9.692222595214844,-11.136992454528809,-11.649394416809082,2.5777336463146545,13,10
